cmp-loc-dir-ds,B.10.71.002-1-1-0,B.10.71.002-1-1-1,B.10.71.002-1-1-2,B.10.71.002-1-1-3,B.10.71.002-1-2-0,B.10.71.002-1-2-1,B.10.71.002-1-2-2,B.10.71.002-1-2-3,B.10.71.002-2-1-0,B.10.71.002-2-1-1,B.10.71.002-2-1-2,B.10.71.002-2-1-3,B.10.71.002-2-2-0,B.10.71.002-2-2-1,B.10.71.002-2-2-2,B.10.71.002-2-2-3,B.10.71.002-3-1-0,B.10.71.002-3-1-1,B.10.71.002-3-1-2,B.10.71.002-3-1-3,B.10.71.002-3-2-0,B.10.71.002-3-2-1,B.10.71.002-3-2-2,B.10.71.002-3-2-3,B.10.71.002-4-1-0,B.10.71.002-4-1-1,B.10.71.002-4-2-0,B.10.71.002-4-2-1,B.10.71.012-1-1-0,B.10.71.012-1-1-1,B.10.71.012-1-1-2,B.10.71.012-1-1-3,B.10.71.012-1-2-0,B.10.71.012-1-2-1,B.10.71.012-1-2-2,B.10.71.012-1-2-3,B.10.71.012-2-1-0,B.10.71.012-2-1-1,B.10.71.012-2-1-2,B.10.71.012-2-1-3,B.10.71.012-2-2-0,B.10.71.012-2-2-1,B.10.71.012-2-2-2,B.10.71.012-2-2-3,B.10.71.012-3-1-0,B.10.71.012-3-1-1,B.10.71.012-3-1-2,B.10.71.012-3-1-3,B.10.71.012-3-2-0,B.10.71.012-3-2-1,B.10.71.012-3-2-2,B.10.71.012-3-2-3,B.10.71.012-4-1-0,B.10.71.012-4-1-1,B.10.71.012-4-1-2,B.10.71.012-4-2-0,B.10.71.012-4-2-1,B.10.71.012-4-2-2,B.20.11.102-1-1-0,B.20.11.102-1-1-1,B.20.11.102-1-1-2,B.20.11.102-1-1-3,B.20.11.102-1-2-0,B.20.11.102-1-2-1,B.20.11.102-1-2-2,B.20.11.102-1-2-3,B.20.11.102-2-1-0,B.20.11.102-2-1-1,B.20.11.102-2-1-2,B.20.11.102-2-1-3,B.20.11.102-2-2-0,B.20.11.102-2-2-1,B.20.11.102-2-2-2,B.20.11.102-2-2-3,B.20.11.102-3-1-0,B.20.11.102-3-1-1,B.20.11.102-3-1-2,B.20.11.102-3-1-3,B.20.11.102-3-2-0,B.20.11.102-3-2-1,B.20.11.102-3-2-2,B.20.11.102-3-2-3,B.20.11.102-4-1-0,B.20.11.102-4-1-1,B.20.11.102-4-1-2,B.20.11.102-4-2-0,B.20.11.102-4-2-1,B.20.11.102-4-2-2,B.20.11.121-1-1-0,B.20.11.121-1-1-1,B.20.11.121-1-1-2,B.20.11.121-1-1-3,B.20.11.121-1-2-0,B.20.11.121-1-2-1,B.20.11.121-1-2-2,B.20.11.121-1-2-3,B.20.11.121-2-1-0,B.20.11.121-2-1-1,B.20.11.121-2-1-2,B.20.11.121-2-1-3,B.20.11.121-2-2-0,B.20.11.121-2-2-1,B.20.11.121-2-2-2,B.20.11.121-2-2-3,B.20.11.121-3-1-0,B.20.11.121-3-1-1,B.20.11.121-3-1-2,B.20.11.121-3-1-3,B.20.11.121-3-2-0,B.20.11.121-3-2-1,B.20.11.121-3-2-2,B.20.11.121-3-2-3,B.20.11.121-4-1-0,B.20.11.121-4-1-1,B.20.11.121-4-2-0,B.20.11.121-4-2-1,B.30.11.012-5-1-0,B.30.11.012-5-1-1,B.30.11.012-5-1-2,C.10.11.001a-1-1-0,C.10.11.001a-1-1-1,C.10.11.001a-1-1-2,C.10.11.001a-1-1-3,C.10.11.001a-1-2-0,C.10.11.001a-1-2-1,C.10.11.001a-1-2-2,C.10.11.001a-1-2-3,C.10.11.001a-2-1-0,C.10.11.001a-2-1-1,C.10.11.001a-2-1-2,C.10.11.001a-2-1-3,C.10.11.001a-2-2-0,C.10.11.001a-2-2-1,C.10.11.001a-2-2-2,C.10.11.001a-2-2-3,C.10.11.001a-3-1-0,C.10.11.001a-3-1-1,C.10.11.001a-3-1-2,C.10.11.001a-3-1-3,C.10.11.001a-3-2-0,C.10.11.001a-3-2-1,C.10.11.001a-3-2-2,C.10.11.001a-3-2-3,C.10.11.001a-4-1-0,C.10.11.001a-4-1-1,C.10.11.001a-4-1-2,C.10.11.001a-4-2-0,C.10.11.001a-4-2-1,C.10.11.001a-4-2-2,C.10.11.001a-4-2-3,C.10.11.011a-1-1-0,C.10.11.011a-1-1-1,C.10.11.011a-1-1-2,C.10.11.011a-1-1-3,C.10.11.011a-1-2-0,C.10.11.011a-1-2-1,C.10.11.011a-1-2-2,C.10.11.011a-1-2-3,C.10.11.011a-2-1-0,C.10.11.011a-2-1-1,C.10.11.011a-2-1-2,C.10.11.011a-2-1-3,C.10.11.011a-2-2-0,C.10.11.011a-2-2-1,C.10.11.011a-2-2-2,C.10.11.011a-2-2-3,C.10.11.011a-3-1-0,C.10.11.011a-3-1-1,C.10.11.011a-3-1-2,C.10.11.011a-3-1-3,C.10.11.011a-3-2-0,C.10.11.011a-3-2-1,C.10.11.011a-3-2-2,C.10.11.011a-3-2-3,C.10.11.011a-4-1-0,C.10.11.011a-4-1-1,C.10.11.011a-4-1-2,C.10.11.011a-4-1-3,C.10.11.011a-4-2-0,C.10.11.011a-4-2-1,C.10.11.011a-4-2-2,C.10.11.011a-4-2-3,C.20.11.001b-1-1-0,C.20.11.001b-1-1-1,C.20.11.001b-1-1-2,C.20.11.001b-1-1-3,C.20.11.001b-1-2-0,C.20.11.001b-1-2-1,C.20.11.001b-1-2-2,C.20.11.001b-1-2-3,C.20.11.001b-2-1-0,C.20.11.001b-2-1-1,C.20.11.001b-2-1-2,C.20.11.001b-2-1-3,C.20.11.001b-2-2-0,C.20.11.001b-2-2-1,C.20.11.001b-2-2-2,C.20.11.001b-2-2-3,C.20.11.001b-3-1-0,C.20.11.001b-3-1-1,C.20.11.001b-3-1-2,C.20.11.001b-3-1-3,C.20.11.001b-3-2-0,C.20.11.001b-3-2-1,C.20.11.001b-3-2-2,C.20.11.001b-3-2-3,D.10.14.021-1-1-0,D.10.14.021-1-1-1,D.20.21.013a-1-1-0,D.20.21.013a-1-1-1,D.20.21.013a-1-1-2,D.20.21.013a-2-1-0,D.20.21.013a-2-1-1,D.20.21.013a-2-1-2,D.20.21.013a-3-1-0,D.20.21.013a-3-1-1,D.20.21.013a-3-1-2,D.20.21.013a-4-1-0,D.20.21.013a-4-1-1,D.20.21.013a-4-1-2,D.20.21.013b-1-1-0,D.20.21.013b-1-1-1,D.20.21.013b-2-1-0,D.20.21.013b-2-1-1,D.20.21.013b-3-1-0,D.20.21.013b-3-1-1,D.20.21.013b-4-1-0,D.20.21.013b-4-1-1,D.20.21.023a-1-1-0,D.20.21.023a-1-1-1,D.20.21.023a-1-1-2,D.20.21.023a-2-1-0,D.20.21.023a-2-1-1,D.20.21.023a-2-1-2,D.20.21.023a-3-1-0,D.20.21.023a-3-1-1,D.20.21.023a-3-1-2,D.20.21.023a-4-1-0,D.20.21.023a-4-1-1,D.20.21.023a-4-1-2,D.20.21.023b-1-1-0,D.20.21.023b-1-1-1,D.20.21.023b-1-1-2,D.20.21.023b-2-1-0,D.20.21.023b-2-1-1,D.20.21.023b-2-1-2,D.20.21.023b-3-1-0,D.20.21.023b-3-1-1,D.20.21.023b-3-1-2,D.20.21.023b-4-1-0,D.20.21.023b-4-1-1,D.20.21.023b-4-1-2,D.30.31.013b-5-1-0,D.30.31.013b-5-1-1,D.30.41.011c-1-1-0,D.30.41.011c-1-1-1,D.30.41.011c-1-1-2,D.30.41.011c-1-2-0,D.30.41.011c-1-2-1,D.30.41.011c-1-2-2,D.30.41.011c-2-1-0,D.30.41.011c-2-1-1,D.30.41.011c-2-1-2,D.30.41.011c-2-2-0,D.30.41.011c-2-2-1,D.30.41.011c-2-2-2,D.30.41.011c-3-1-0,D.30.41.011c-3-1-1,D.30.41.011c-3-1-2,D.30.41.011c-3-2-0,D.30.41.011c-3-2-1,D.30.41.011c-3-2-2,D.30.41.011c-4-1-0,D.30.41.011c-4-1-1,D.30.41.011c-4-1-2,D.30.41.011c-4-2-0,D.30.41.011c-4-2-1,D.30.41.011c-4-2-2,D.30.41.032c-1-1-0,D.30.41.032c-1-1-1,D.30.41.032c-2-1-0,D.30.41.032c-2-1-1,D.30.41.032c-3-1-0,D.30.41.032c-3-1-1,D.30.41.032c-4-1-0,D.30.41.032c-4-1-1,D.30.41.102b-1-1-0,D.30.41.102b-1-1-1,D.30.41.102b-2-1-0,D.30.41.102b-2-1-1,D.30.41.102b-3-1-0,D.30.41.102b-3-1-1,D.30.41.102b-4-1-0,D.30.41.102b-4-1-1,D.30.52.013b-1-1-0,D.30.52.013b-1-1-1,D.30.52.013b-1-1-2,D.30.67.012b-1-1-0,D.30.67.012b-1-1-1,D.40.11.023a-1-1-0,D.40.11.023a-1-1-1,D.40.11.023a-1-1-2,D.40.11.023a-2-1-0,D.40.11.023a-2-1-1,D.40.11.023a-2-1-2,D.40.11.023a-3-1-0,D.40.11.023a-3-1-1,D.40.11.023a-3-1-2,D.40.11.023a-4-1-0,D.40.11.023a-4-1-1,D.40.11.023a-4-1-2,D.40.11.074a-1-1-0,D.40.11.074a-1-1-1,D.40.11.074a-1-1-2,D.40.11.074a-2-1-0,D.40.11.074a-2-1-1,D.40.11.074a-2-1-2,D.40.11.074a-3-1-0,D.40.11.074a-3-1-1,D.40.11.074a-3-1-2,D.40.11.074a-4-1-0,D.40.11.074a-4-1-1,D.40.11.074a-4-1-2,D.50.11.011a-1-1-0,D.50.11.011a-1-1-1,D.50.12.023b-1-1-0,D.50.12.023b-1-1-1,collapse-0-1-0,excessiveRID-1-1-0,excessiveRID-1-1-1,excessiveRID-1-2-0,excessiveRID-1-2-1,irreparable-0-1-0,irreparable-0-1-1
count,5000.0,5000.0,5000.0,5000.0,5000.0,5000.0,5000.0,5000.0,5000.0,5000.0,5000.0,5000.0,5000.0,5000.0,5000.0,5000.0,5000.0,5000.0,5000.0,5000.0,5000.0,5000.0,5000.0,5000.0,5000.0,5000.0,5000.0,5000.0,5000.0,5000.0,5000.0,5000.0,5000.0,5000.0,5000.0,5000.0,5000.0,5000.0,5000.0,5000.0,5000.0,5000.0,5000.0,5000.0,5000.0,5000.0,5000.0,5000.0,5000.0,5000.0,5000.0,5000.0,5000.0,5000.0,5000.0,5000.0,5000.0,5000.0,5000.0,5000.0,5000.0,5000.0,5000.0,5000.0,5000.0,5000.0,5000.0,5000.0,5000.0,5000.0,5000.0,5000.0,5000.0,5000.0,5000.0,5000.0,5000.0,5000.0,5000.0,5000.0,5000.0,5000.0,5000.0,5000.0,5000.0,5000.0,5000.0,5000.0,5000.0,5000.0,5000.0,5000.0,5000.0,5000.0,5000.0,5000.0,5000.0,5000.0,5000.0,5000.0,5000.0,5000.0,5000.0,5000.0,5000.0,5000.0,5000.0,5000.0,5000.0,5000.0,5000.0,5000.0,5000.0,5000.0,5000.0,5000.0,5000.0,5000.0,5000.0,5000.0,5000.0,5000.0,5000.0,5000.0,5000.0,5000.0,5000.0,5000.0,5000.0,5000.0,5000.0,5000.0,5000.0,5000.0,5000.0,5000.0,5000.0,5000.0,5000.0,5000.0,5000.0,5000.0,5000.0,5000.0,5000.0,5000.0,5000.0,5000.0,5000.0,5000.0,5000.0,5000.0,5000.0,5000.0,5000.0,5000.0,5000.0,5000.0,5000.0,5000.0,5000.0,5000.0,5000.0,5000.0,5000.0,5000.0,5000.0,5000.0,5000.0,5000.0,5000.0,5000.0,5000.0,5000.0,5000.0,5000.0,5000.0,5000.0,5000.0,5000.0,5000.0,5000.0,5000.0,5000.0,5000.0,5000.0,5000.0,5000.0,5000.0,5000.0,5000.0,5000.0,5000.0,5000.0,5000.0,5000.0,5000.0,5000.0,5000.0,5000.0,5000.0,5000.0,5000.0,5000.0,5000.0,5000.0,5000.0,5000.0,5000.0,5000.0,5000.0,5000.0,5000.0,5000.0,5000.0,5000.0,5000.0,5000.0,5000.0,5000.0,5000.0,5000.0,5000.0,5000.0,5000.0,5000.0,5000.0,5000.0,5000.0,5000.0,5000.0,5000.0,5000.0,5000.0,5000.0,5000.0,5000.0,5000.0,5000.0,5000.0,5000.0,5000.0,5000.0,5000.0,5000.0,5000.0,5000.0,5000.0,5000.0,5000.0,5000.0,5000.0,5000.0,5000.0,5000.0,5000.0,5000.0,5000.0,5000.0,5000.0,5000.0,5000.0,5000.0,5000.0,5000.0,5000.0,5000.0,5000.0,5000.0,5000.0,5000.0,5000.0,5000.0,5000.0,5000.0,5000.0,5000.0,5000.0,5000.0,5000.0,5000.0,5000.0,5000.0,5000.0,5000.0,5000.0,5000.0,5000.0,5000.0,5000.0,5000.0,5000.0,5000.0,5000.0,5000.0,5000.0,5000.0,5000.0,5000.0,5000.0,5000.0,5000.0,5000.0,5000.0,5000.0,5000.0,5000.0,5000.0,5000.0,5000.0,5000.0,5000.0,5000.0,5000.0,5000.0,5000.0,5000.0,5000.0,5000.0,5000.0,5000.0,5000.0,5000.0,5000.0,5000.0,5000.0,5000.0,5000.0,5000.0,5000.0,5000.0,5000.0,5000.0,5000.0
mean,195.1064064,178.1047296,89.8670592,89.88180480000001,230.76126720000002,197.7606144,76.81720320000001,47.6209152,417.6617472,125.67674880000001,8.463974400000001,1.1575296000000002,327.8610432,183.40577280000002,32.292864,9.40032,488.4922368,61.40805120000001,2.7721728000000003,0.28753920000000005,463.6532736,86.2027776,2.9196288,0.18432000000000004,552.6208512000001,0.33914880000000003,551.7656064,1.1943936000000002,1.437696,11.0739456,348.7776768,191.67068160000002,1.3197312,11.862835200000001,405.4376448000001,134.3397888,5.6991744,46.559232,490.586112,10.115481599999999,2.5362432,22.0372992,482.88890879999997,45.497548800000004,30.081024,131.1842304,388.3917312,3.3030144,10.889625600000002,77.7682944,461.22024960000005,3.0818304000000003,324.7423488,200.3116032,27.906048000000006,218.80995839999997,259.8395904,74.3104512,2.7648000000000006,22.533120000000004,728.4787200000001,398.22336000000007,2.3270400000000007,23.800320000000006,846.8352,279.03744000000006,11.036160000000002,97.59744000000002,1021.2019200000001,22.164480000000005,4.884480000000001,47.30112000000001,1005.5577600000001,94.25664000000002,60.75648000000002,274.98240000000004,808.9804800000002,7.280640000000003,21.957120000000007,161.11872000000005,962.1043200000003,6.819840000000002,677.9520000000002,414.3052800000001,59.74272000000002,457.43616000000003,541.4169600000001,153.14688000000004,405.87264000000005,370.99008000000003,186.7392,188.39808000000002,482.112,411.74784000000005,158.30784000000003,99.83232000000001,870.9580800000001,261.89568,17.072640000000003,2.0736000000000008,684.0115200000001,383.13216000000006,65.82528,19.03104,1020.9024,124.83072000000001,5.806080000000001,0.4608,966.8275200000002,179.36640000000003,5.299200000000001,0.5068800000000001,1151.1936000000003,0.8064000000000001,1149.3734400000003,2.62656,3578.62774,974.81061,1897.56165,20.654802062871568,95.88709147132502,289.66630058187263,342.54877478741616,21.711168399714705,114.37019880662463,341.631886746817,271.20076082286954,81.97627505468684,287.5873515471494,338.2869168084219,41.051243970544775,42.11262025768705,194.33867225223955,389.31051795592293,122.98107912853168,215.0446733620859,333.2605729633395,187.44207571344128,13.093259907565065,128.31952126998516,338.14791992657166,265.09060662342256,17.19454247841808,687.7394233169347,59.343971394817366,1.6440144406399064,612.0815673906507,130.2933411658186,6.35781157398278,0.022997416972362014,2.5389106042355523,60.43271135540184,549.2646783625454,136.5458227747106,3.0863093909230424,70.26708858762532,539.6076830716794,135.76413081990876,11.044881416064914,199.36636408529043,431.2857222584881,107.10811766927371,5.274659279917608,122.51301361400648,496.2414368393889,124.69156903620178,42.830809798184816,332.6910155660258,298.82184822188253,74.3621563021429,19.112296919669475,263.93777903162726,372.28829968876386,93.3811600088847,360.8511458995449,364.78636706062156,18.89611237226717,4.193108679395413,242.84857912551118,448.4117606725374,45.956408746902106,11.528029650598901,0.1016,0.7732,0.4968,0.6284,0.1248,0.8596,0.5276,0.488,0.3272,1.2068,0.3732,0.0928,0.2048,1.0784,0.4784,0.2384,0.6516,1.0864,0.222,0.04,0.4508,1.2216,0.2832,0.0444,0.0586,0.9414,429.28661336443594,86.69053756197582,13.198357849290034,429.45086192827904,85.39085935351301,14.253908030611207,454.4074076467761,66.01764098216127,8.73234551535885,443.8217424718728,75.331960391131,9.97722329823604,43.681337203954016,31.195746707508654,42.900973175555784,31.98132161564472,47.668862005832764,27.216056945496508,44.259320895244294,30.6181191100782,859.2996193701185,171.98884637051438,26.93390745412393,856.6976350409543,172.86418615922443,28.673767139756375,907.8852891357001,132.55642449032288,17.762502239752926,885.866788080946,153.23054458402814,19.20006348893735,86.20650956077915,36.73757127622488,26.80023133921881,84.76376899034577,37.49466944240768,27.52277575858825,94.72069589639821,34.52446867974323,20.510671270558944,90.47879871295007,35.112926251598196,24.162027894496347,0.0776,0.9224,142.67313103686698,60.670237909505026,46.21898862466726,143.69173105129704,60.112473770397855,45.78389212058559,142.88914631459016,57.88768786510549,48.81210946770602,143.4489394210203,59.94266828267225,46.18508086434165,159.60632581872892,55.99061639500552,34.07506116794212,160.03466150978352,55.77880148691941,33.7748218988497,151.12156240581942,58.49190558194635,39.960825930749486,149.02298801648192,60.80701612555324,39.74485444998954,21.033123840000002,15.830876159999997,21.148508160000002,15.71549184,23.48568576,13.378314240000002,22.00264704,14.861352959999998,1.8864,2.1136,1.336,2.664,1.3848,2.6152,1.5608,2.4392,1.4064,0.3968,0.1968,0.9722,0.0278,3018.9681704833156,1594.294712910274,677.77217278051,3048.3715885270776,1569.282838637354,673.266553239029,3371.7983365699292,1425.1034398474428,494.0313153753774,3163.6702428920207,1574.6399120084384,552.6018058259724,57.6325612053619,1.3190260618539886,0.9541252761874727,57.40655333045202,1.1291551304028544,1.365644075606869,58.21299417519454,0.9297193272329434,0.762420361567719,58.14831751799804,1.0758682838832774,0.6735246346858524,0.473,0.527,1.8692,0.1308,1.0,0.9212,0.0788,0.9524,0.0476,0.8928,0.1072
std,188.74306110720698,149.2689466578972,127.32612730190783,171.6680047185809,186.5690890479252,143.9675709436677,120.76166924855026,122.79238378853351,143.12182310554428,126.80423926695556,41.99816731675488,13.293551365331403,173.50750394291262,136.92256381746893,81.47194938370863,50.09089583270262,108.2535901909335,99.48887486213947,25.079376765006028,5.073717094349474,117.20683147829473,109.40131515526713,23.285887914455902,3.5696984395589886,4.472304208486407,4.472304208486405,9.70889658927704,9.708896589277039,11.882553307459004,47.697153620367516,228.43004198045972,232.14479005326052,11.665483794364377,47.26898664820085,202.23462700437864,203.81398479001237,21.506816296956433,88.61316329712692,111.11272525017988,54.01216347337215,15.868811817781298,63.69937412841785,134.29436098657845,122.42820379187944,66.72281350119258,140.34035546099597,181.38571652410877,31.047142306719234,33.10173932057701,113.06777943888514,134.49112912756033,27.751624291586975,166.62887508335598,137.20138961944537,75.27828279075501,162.63561819443663,126.75107578830456,125.48641973084337,24.77020923636138,99.81206011567194,480.03379351431585,487.36698557251054,24.109772065704238,99.0227071090376,425.1632820696587,427.7800413378351,47.42215398515887,190.8708331213381,236.51404098410342,118.17929540956955,33.59008463649322,137.29074236937345,282.92465405432023,256.94878378269846,142.47381370458194,303.38129606882643,384.24550822239615,69.85332234417278,75.04433513432411,244.64259985925347,286.57757175721986,60.09751033548816,358.24253392167464,299.31738353683886,164.44417968614195,348.920663501516,279.94455719549023,264.16611720234147,400.52307072310674,321.72338006469107,270.99354105073843,360.6850629167167,396.28702395242595,311.9168566532231,255.83637040150967,259.20299424555805,306.73868117082804,276.1005703694385,88.8427083828322,27.669001025760814,371.3906662379702,301.7498268256873,174.4266688023351,102.70698195033613,227.12033914189723,209.5523406621291,52.273517914606,9.765153506453492,251.55361960297193,237.51326748096815,43.151906015361035,11.039067572407266,10.143195153480226,10.143195153480207,23.351349075955643,23.35134907595562,2134.690705371392,732.9440329677434,1914.6747953274337,81.44572768102368,182.2547047062121,307.21488339794683,377.3940022109555,77.48256459925828,192.15458580216844,311.92776040296854,350.1566949812573,153.7295786068304,249.6374392404239,295.2703811323276,138.87653485366758,109.87471333825262,237.27667309965702,301.36466915744467,241.60214196133595,262.1471149494945,255.13893412438875,253.73325282102763,74.0060619219036,191.9149659019605,247.06173200047832,279.83245153725295,82.3198671319868,313.75103124915915,127.90664899778277,19.273154920507793,318.19693680310803,188.16001338798773,41.699142368802235,1.6261629490931786,17.26804751509672,133.97734096466954,276.2014383067322,115.9379365039954,20.729996243748573,136.45257987186818,272.84584405254947,116.64664339806635,38.65755736012869,218.89198701091303,260.4188112906845,106.68947477049632,24.69297807408163,180.97624348253905,270.590383747921,114.23559799775606,96.89527078742239,264.14226861879246,250.1815369008756,94.44722870546434,53.688837644080806,237.71504158549104,259.96602222899827,102.30277235765048,272.47103368423024,254.52731605302637,61.72324714113517,21.455215145187264,227.69740184548613,253.73153699200574,97.57850558409785,37.15703431535393,0.4392220659354912,0.9740387622174285,0.8642564132417915,0.9284857872748694,0.4838096468187369,0.9901938884821283,0.8814724265271975,0.8590713595040543,0.7398984051408585,0.9784810907978804,0.779258114261076,0.42074168406867246,0.6064078710745929,0.9970216900599956,0.8532754864703206,0.6481122201362801,0.9374397040021978,0.9963601691744524,0.6283271114569213,0.28002800420070006,0.8357745292916998,0.9752351802162114,0.697348563491602,0.2946964696121085,0.23489801066650823,0.23489801066650823,219.40742327781703,109.6224779296774,39.53102239813972,223.52015478059295,107.8624411728381,44.614264632596324,221.8802332419901,92.8282288584256,31.502261107899354,217.10239907755044,97.79715263929272,32.88989645958288,43.91425463327052,42.079405452776946,43.230850596063085,43.030508432307705,43.70790936127986,40.76409444154316,43.47094611203249,42.363914107725954,440.4599145464753,218.55456861624384,82.01073311355655,437.62916048237776,224.3015953562809,87.69584944050004,437.60597580262663,187.37936654472065,65.69700883460332,430.40370746445456,205.32750355850922,63.51671141622101,88.61931892576322,71.0913534014444,62.45674750138942,87.65661106386709,72.54905562449477,63.73905602405533,87.42057130759738,70.30313119522872,56.14430609765232,88.25526550195833,69.84229298144002,60.407142085837314,0.2675678577701409,0.2675678577701409,147.1245303399601,117.91983795597623,106.45615229910874,147.8310620158926,117.67233500875352,105.09796197981294,146.5757550925294,116.80597876801015,108.76062873962921,146.43795404090076,118.2075121744386,106.61140825887722,147.36150539226685,113.57384981094572,94.53076399688125,147.34649368221505,115.17127573888806,90.93441698144075,146.9694496264607,116.43618355166741,100.33462898616725,147.40634865925298,118.17768317557099,99.51342136308526,11.102885349196718,11.102885349196718,11.394518209588465,11.394518209588465,10.686277733712783,10.686277733712783,10.512085100214232,10.512085100214232,1.996970860709716,1.996970860709716,1.886747456124597,1.8867474561245972,1.903221850095815,1.9032218500958147,1.95137513896908,1.95137513896908,0.9137866497209519,0.797669740809491,0.5957690392674244,0.1644158341319432,0.1644158341319432,2119.134547432139,1257.4374795415808,1086.854002066596,2179.8413372658547,1281.0459473381322,1102.5799829745972,2193.463425522731,1257.3289687529234,903.4543717964323,2083.233629378063,1253.4455017316154,933.4158151299151,27.087690457608456,9.540033722968605,8.006067780266816,26.891618097846532,9.52620858583193,9.914626213738549,26.454863143209373,8.244149076818042,7.3842690881587725,26.481918588059926,8.928619120214048,6.718155714854538,0.49932040231982766,0.49932040231982766,0.4945101293741218,0.4945101293741218,0.0,0.2694533002510885,0.2694533002510885,0.21293968315401512,0.21293968315401512,0.3093982958277117,0.3093982958277117
log_std,,,,,,,,,,,,,,,,,,,,,,,,,0.008797105810766806,,0.020762565936092024,,,,,,,,,,,,,,,,,,,,,,,,,,,,,,,,,,,,,,,,,,,,,,,,,,,,,,,,,,,,,,,,,,,,,,,,,,,,,,,,,,,,,,0.009391012710037496,,0.02425350676497836,,,,,,,,,,,,,,,,,,,,,,,,,,,,,,,,,,,,,,,,,,,,,,,,,,,,,,,,,,,,,,,,,,,,,,,,,,,,,,,,,,,,,,,,,,,,,,,,,,,,,,,,,,,,,,,,,,,,,,,,,,,,,,,,,,,,,,,,,,,,,,,,,,,,,,,,,,,,,,,,,,,,,,,,,,,,,,,,,,,,,,,,,,,,,,,,,,,,,,,,,,,,,,,,,,,,,0.0,,,,,,
min,0.0,0.0,0.0,0.0,0.0,0.0,0.0,0.0,0.0,0.0,0.0,0.0,0.0,0.0,0.0,0.0,0.0,0.0,0.0,0.0,0.0,0.0,0.0,0.0,405.504,0.0,258.048,0.0,0.0,0.0,0.0,0.0,0.0,0.0,0.0,0.0,0.0,0.0,0.0,0.0,0.0,0.0,0.0,0.0,0.0,0.0,0.0,0.0,0.0,0.0,0.0,0.0,0.0,0.0,0.0,0.0,0.0,0.0,0.0,0.0,0.0,0.0,0.0,0.0,0.0,0.0,0.0,0.0,0.0,0.0,0.0,0.0,0.0,0.0,0.0,0.0,0.0,0.0,0.0,0.0,0.0,0.0,0.0,0.0,0.0,0.0,0.0,0.0,0.0,0.0,0.0,0.0,0.0,0.0,0.0,0.0,0.0,0.0,0.0,0.0,0.0,0.0,0.0,0.0,0.0,0.0,0.0,0.0,0.0,0.0,0.0,0.0,921.6000000000001,0.0,576.0000000000001,0.0,0.0,0.0,0.0,0.0,0.0,0.0,0.0,0.0,0.0,0.0,0.0,0.0,0.0,0.0,0.0,0.0,0.0,0.0,0.0,0.0,0.0,0.0,0.0,0.0,0.0,0.0,0.0,0.0,0.0,0.0,0.0,0.0,0.0,0.0,0.0,0.0,0.0,0.0,0.0,0.0,0.0,0.0,0.0,0.0,0.0,0.0,0.0,0.0,0.0,0.0,0.0,0.0,0.0,0.0,0.0,0.0,0.0,0.0,0.0,0.0,0.0,0.0,0.0,0.0,0.0,0.0,0.0,0.0,0.0,0.0,0.0,0.0,0.0,0.0,0.0,0.0,0.0,0.0,0.0,0.0,0.0,0.0,0.0,0.0,0.0,0.0,0.0,0.0,0.0,0.0,0.0,0.0,0.0,0.0,0.0,0.0,0.0,0.0,0.0,0.0,0.0,0.0,0.0,0.0,0.0,0.0,0.0,0.0,0.0,0.0,0.0,0.0,0.0,0.0,0.0,0.0,0.0,0.0,0.0,0.0,0.0,0.0,0.0,0.0,0.0,0.0,0.0,0.0,0.0,0.0,0.0,0.0,0.0,0.0,0.0,0.0,0.0,0.0,0.0,0.0,0.0,0.0,0.0,0.0,0.0,0.0,0.0,0.0,0.0,0.0,0.0,0.0,0.0,0.0,0.0,0.0,0.0,0.0,0.0,0.0,0.0,0.0,0.0,0.0,0.0,0.0,0.0,0.0,0.0,0.0,0.0,0.0,0.0,0.0,0.0,0.0,0.0,0.0,0.0,0.0,0.0,0.0,0.0,0.0,0.0,0.0,0.0,0.0,0.0,0.0,0.0,0.0,0.0,0.0,0.0,0.0,0.0,0.0,0.0,0.0,0.0,0.0,0.0,0.0,0.0,0.0,0.0,0.0,0.0,0.0,0.0,1.0,0.0,0.0,0.0,0.0,0.0,0.0
0.1%,0.0,0.0,0.0,0.0,0.0,0.0,0.0,0.0,0.0,0.0,0.0,0.0,0.0,0.0,0.0,0.0,0.0,0.0,0.0,0.0,0.0,0.0,0.0,0.0,516.059136,0.0,442.33113599999996,0.0,0.0,0.0,0.0,0.0,0.0,0.0,0.0,0.0,0.0,0.0,0.0,0.0,0.0,0.0,0.0,0.0,0.0,0.0,0.0,0.0,0.0,0.0,0.0,0.0,0.0,0.0,0.0,0.0,0.0,0.0,0.0,0.0,0.0,0.0,0.0,0.0,0.0,0.0,0.0,0.0,0.0,0.0,0.0,0.0,0.0,0.0,0.0,0.0,0.0,0.0,0.0,0.0,0.0,0.0,0.0,0.0,0.0,0.0,0.0,0.0,0.0,0.0,0.0,0.0,0.0,0.0,0.0,0.0,0.0,0.0,0.0,0.0,0.0,0.0,0.0,0.0,0.0,0.0,0.0,0.0,0.0,0.0,0.0,0.0,1036.8,0.0,921.4848000000001,0.0,0.0,0.0,0.0,0.0,0.0,0.0,0.0,0.0,0.0,0.0,0.0,0.0,0.0,0.0,0.0,0.0,0.0,0.0,0.0,0.0,0.0,0.0,0.0,0.0,0.0,0.0,0.0,0.0,0.0,0.0,0.0,0.0,0.0,0.0,0.0,0.0,0.0,0.0,0.0,0.0,0.0,0.0,0.0,0.0,0.0,0.0,0.0,0.0,0.0,0.0,0.0,0.0,0.0,0.0,0.0,0.0,0.0,0.0,0.0,0.0,0.0,0.0,0.0,0.0,0.0,0.0,0.0,0.0,0.0,0.0,0.0,0.0,0.0,0.0,0.0,0.0,0.0,0.0,0.0,0.0,0.0,0.0,0.0,0.0,0.0,0.0,0.0,0.0,0.0,0.0,0.0,0.0,0.0,0.0,0.0,0.0,0.0,0.0,19.042998715893795,0.0,0.0,11.69885409154004,0.0,0.0,0.0,0.0,0.0,0.0,0.0,0.0,0.0,0.0,0.0,0.0,0.0,0.0,0.0,0.0,0.0,0.0,0.0,36.97016655437798,0.0,0.0,0.0,0.0,0.0,0.0,0.0,0.0,0.0,0.0,0.0,0.0,0.0,0.0,0.0,0.0,0.0,0.0,0.0,0.0,0.0,0.0,0.0,0.0,0.0,0.0,0.0,0.0,0.0,0.0,0.0,0.0,0.0,0.0,0.0,0.0,0.0,0.0,0.0,0.0,0.0,0.0,0.0,0.0,0.0,0.0,0.0,0.0,0.0,0.0,0.0,0.0,0.0,0.0,0.0,0.0,0.0,0.0,0.0,0.0,0.0,0.0,0.0,0.0,0.0,0.0,0.0,0.0,0.0,0.0,0.0,0.0,0.0,0.0,0.0,0.0,0.0,0.0,0.0,0.0,0.0,0.0,0.0,0.0,0.0,0.0,0.0,0.0,0.0,1.0,0.0,0.0,0.0,0.0,0.0,0.0
2.3%,0.0,0.0,0.0,0.0,0.0,0.0,0.0,0.0,73.72800000000001,0.0,0.0,0.0,0.0,0.0,0.0,0.0,147.45600000000002,0.0,0.0,0.0,110.592,0.0,0.0,0.0,552.96,0.0,552.1121280000002,0.0,0.0,0.0,0.0,0.0,0.0,0.0,0.0,0.0,0.0,0.0,110.592,0.0,0.0,0.0,36.864000000000004,0.0,0.0,0.0,0.0,0.0,0.0,0.0,73.72800000000001,0.0,0.0,0.0,0.0,0.0,0.0,0.0,0.0,0.0,0.0,0.0,0.0,0.0,0.0,0.0,0.0,0.0,230.40000000000006,0.0,0.0,0.0,0.0,0.0,0.0,0.0,0.0,0.0,0.0,0.0,115.20000000000003,0.0,0.0,0.0,0.0,0.0,0.0,0.0,0.0,0.0,0.0,0.0,0.0,0.0,0.0,0.0,115.20000000000002,0.0,0.0,0.0,0.0,0.0,0.0,0.0,345.6,0.0,0.0,0.0,230.40000000000003,0.0,0.0,0.0,1152.0000000000002,0.0,1152.0000000000002,0.0,0.0,0.0,0.0,0.0,0.0,0.0,0.0,0.0,0.0,0.0,0.0,0.0,0.0,0.0,0.0,0.0,0.0,0.0,0.0,0.0,0.0,0.0,0.0,0.0,0.0,0.0,0.0,218.59011778290846,0.0,0.0,101.29611033730949,0.0,0.0,0.0,0.0,0.0,120.32849091410216,0.0,0.0,0.0,126.18834320460391,0.0,0.0,0.0,46.2276000489604,0.0,0.0,0.0,78.3456562856425,0.0,0.0,0.0,0.0,0.0,0.0,0.0,0.0,0.0,0.0,0.0,0.0,0.0,0.0,60.24939912647637,0.0,0.0,0.0,0.0,0.0,0.0,0.0,0.0,0.0,0.0,0.0,0.0,0.0,0.0,0.0,0.0,0.0,0.0,0.0,0.0,0.0,0.0,0.0,0.0,0.0,0.0,0.0,0.0,91.06311622092535,0.0,0.0,78.08723345718714,0.0,0.0,112.60090949576883,0.0,0.0,111.79575838499623,0.0,0.0,0.0,0.0,0.0,0.0,0.0,0.0,0.0,0.0,166.13006998497553,0.0,0.0,161.32344692498975,0.0,0.0,251.44619773273666,0.0,0.0,239.28672480781836,0.0,0.0,0.0,0.0,0.0,0.0,0.0,0.0,0.0,0.0,0.0,0.0,0.0,0.0,0.0,0.0,0.0,0.0,0.0,0.0,0.0,0.0,0.0,0.0,0.0,0.0,0.0,0.0,0.0,0.0,0.0,0.0,0.0,0.0,0.0,0.0,0.0,0.0,0.0,0.0,0.0,0.0,0.0,0.0,1.8432,0.0,1.8432,0.0,0.0,0.0,0.0,0.0,0.0,0.0,0.0,0.0,0.0,0.0,0.0,0.0,0.0,0.0,0.0,0.0,0.0,0.0,0.0,177.0871010918085,0.0,0.0,208.35506075897396,0.0,0.0,0.0,0.0,0.0,0.0,0.0,0.0,0.0,0.0,0.0,0.0,0.0,0.0,0.0,0.0,0.0,0.0,1.0,0.0,0.0,0.0,0.0,0.0,0.0
10%,0.0,0.0,0.0,0.0,0.0,0.0,0.0,0.0,184.32,0.0,0.0,0.0,73.72800000000001,0.0,0.0,0.0,331.776,0.0,0.0,0.0,294.91200000000003,0.0,0.0,0.0,552.96,0.0,552.96,0.0,0.0,0.0,0.0,0.0,0.0,0.0,0.0,0.0,0.0,0.0,331.776,0.0,0.0,0.0,294.91200000000003,0.0,0.0,0.0,73.72800000000001,0.0,0.0,0.0,258.048,0.0,73.72800000000001,0.0,0.0,0.0,73.72800000000001,0.0,0.0,0.0,0.0,0.0,0.0,0.0,0.0,0.0,0.0,0.0,691.2000000000002,0.0,0.0,0.0,576.0000000000001,0.0,0.0,0.0,115.20000000000003,0.0,0.0,0.0,460.8000000000001,0.0,115.20000000000003,0.0,0.0,0.0,115.20000000000003,0.0,0.0,0.0,0.0,0.0,0.0,0.0,0.0,0.0,345.6,0.0,0.0,0.0,115.20000000000002,0.0,0.0,0.0,691.2,0.0,0.0,0.0,576.0000000000001,0.0,0.0,0.0,1152.0000000000002,0.0,1152.0000000000002,0.0,322.55,0.0,0.0,0.0,0.0,0.0,0.0,0.0,0.0,0.0,0.0,0.0,0.0,0.0,0.0,0.0,0.0,0.0,0.0,0.0,35.923139320071904,0.0,0.0,0.0,45.56334068033408,0.0,0.0,347.5126774341401,0.0,0.0,260.3278802061892,0.0,0.0,0.0,0.0,0.0,256.06071882467086,0.0,0.0,0.0,244.18985305884428,0.0,0.0,0.0,139.4221962557663,0.0,0.0,0.0,200.7506540727982,0.0,0.0,0.0,0.0,0.0,0.0,0.0,84.36969446098942,0.0,67.27850410274901,81.70474908239446,0.0,0.0,0.0,171.79146302412576,0.0,0.0,0.0,0.0,0.0,0.0,0.0,0.0,0.0,0.0,0.0,0.0,0.0,0.0,0.0,0.0,0.0,0.0,0.0,0.0,0.0,0.0,0.0,0.0,0.0,0.0,0.0,1.0,185.17474396130183,0.0,0.0,184.65035764707577,0.0,0.0,214.90339333057472,0.0,0.0,209.22746556220062,0.0,0.0,0.0,0.0,0.0,0.0,0.0,0.0,0.0,0.0,367.76291118032816,0.0,0.0,362.82144207536527,0.0,0.0,426.5670137958949,0.0,0.0,412.07887774216016,0.0,0.0,0.0,0.0,0.0,0.0,0.0,0.0,0.0,0.0,0.0,0.0,0.0,0.0,0.0,1.0,0.0,0.0,0.0,0.0,0.0,0.0,0.0,0.0,0.0,0.0,0.0,0.0,0.0,0.0,0.0,0.0,0.0,0.0,0.0,0.0,0.0,0.0,0.0,0.0,3.6864,1.8432,3.6864,1.8432,7.3728,0.0,7.3728,1.8432,0.0,0.0,0.0,0.0,0.0,0.0,0.0,0.0,0.0,0.0,0.0,1.0,0.0,572.2589431302143,192.70866804896605,0.0,526.3954706355478,135.97920034289464,0.0,819.4428729175133,0.0,0.0,789.6366697693314,188.1164332290119,0.0,30.13730338944989,0.0,0.0,29.914000995861084,0.0,0.0,31.044209260240955,0.0,0.0,30.99057882730527,0.0,0.0,0.0,0.0,2.0,0.0,1.0,1.0,0.0,1.0,0.0,0.0,0.0
15.9%,0.0,0.0,0.0,0.0,0.0,0.0,0.0,0.0,258.048,0.0,0.0,0.0,110.592,36.864000000000004,0.0,0.0,405.504,0.0,0.0,0.0,368.64,0.0,0.0,0.0,552.96,0.0,552.96,0.0,0.0,0.0,0.0,0.0,0.0,0.0,73.72800000000001,0.0,0.0,0.0,405.504,0.0,0.0,0.0,405.504,0.0,0.0,0.0,147.45600000000002,0.0,0.0,0.0,331.776,0.0,110.592,36.864000000000004,0.0,36.864000000000004,110.592,0.0,0.0,0.0,0.0,0.0,0.0,0.0,230.40000000000006,0.0,0.0,0.0,806.4000000000001,0.0,0.0,0.0,806.4000000000001,0.0,0.0,0.0,345.6000000000001,0.0,0.0,0.0,691.2000000000002,0.0,230.40000000000006,115.20000000000003,0.0,115.20000000000003,230.40000000000006,0.0,0.0,0.0,0.0,0.0,0.0,0.0,0.0,0.0,576.0000000000001,0.0,0.0,0.0,230.40000000000003,0.0,0.0,0.0,806.4000000000001,0.0,0.0,0.0,691.2,0.0,0.0,0.0,1152.0000000000002,0.0,1152.0000000000002,0.0,967.65,0.0,0.0,0.0,0.0,0.0,0.0,0.0,0.0,0.0,0.0,0.0,0.0,39.51854038320515,0.0,0.0,0.0,79.19648138016409,0.0,0.0,82.95771104633107,0.0,0.0,0.0,88.1602478886402,0.0,0.0,400.6943572941617,0.0,0.0,319.99894097842116,0.0,0.0,0.0,0.0,0.0,302.8636962647679,33.943339944807946,0.0,0.0,294.2518816071904,35.235134756161855,0.0,0.0,189.97727094031814,0.0,0.0,0.0,251.64752970104462,0.0,0.0,74.3436266362177,58.07287170769424,0.0,0.0,40.67303036996585,128.92537793037044,0.0,105.15315154207205,123.91743348111905,0.0,0.0,42.843375949267426,214.00807143913963,0.0,0.0,0.0,0.0,0.0,0.0,0.0,0.0,0.0,0.0,0.0,0.0,0.0,0.0,0.0,0.0,0.0,0.0,0.0,0.0,0.0,0.0,0.0,0.0,0.0,0.0,0.0,1.0,231.7065641679151,0.0,0.0,223.59459244739446,0.0,0.0,255.18479018431967,0.0,0.0,245.72587799692997,0.0,0.0,0.0,0.0,0.0,0.0,0.0,0.0,0.0,0.0,454.7071850684556,0.0,0.0,451.1489567540714,0.0,0.0,502.49528617512,0.0,0.0,491.2053608429952,0.0,0.0,0.0,0.0,0.0,0.0,0.0,0.0,0.0,0.0,0.0,0.0,0.0,0.0,0.0,1.0,0.0,0.0,0.0,0.0,0.0,0.0,0.0,0.0,0.0,0.0,0.0,0.0,0.0,0.0,0.0,0.0,0.0,0.0,0.0,0.0,0.0,0.0,0.0,0.0,7.3728,3.6864,7.3728,1.8432,11.0592,1.8432,9.216,3.6864,0.0,0.0,0.0,0.0,0.0,0.0,0.0,0.0,0.0,0.0,0.0,1.0,0.0,915.0405361577971,356.85815631812244,0.0,898.4378930398412,304.2598977875077,0.0,1228.2965251808096,229.8387263690066,0.0,1133.4472867050358,343.1469111881031,0.0,35.014801825557896,0.0,0.0,34.84912121790865,0.0,0.0,35.577787278362436,0.0,0.0,35.54290071469924,0.0,0.0,0.0,0.0,2.0,0.0,1.0,1.0,0.0,1.0,0.0,1.0,0.0
50%,147.45600000000002,147.45600000000002,0.0,0.0,221.184,184.32,0.0,0.0,479.232,73.72800000000001,0.0,0.0,368.64,184.32,0.0,0.0,552.96,0.0,0.0,0.0,516.096,36.864000000000004,0.0,0.0,552.96,0.0,552.96,0.0,0.0,0.0,479.232,36.864000000000004,0.0,0.0,516.096,0.0,0.0,0.0,552.96,0.0,0.0,0.0,552.96,0.0,0.0,73.72800000000001,479.232,0.0,0.0,36.864000000000004,516.096,0.0,331.776,184.32,0.0,184.32,294.91200000000003,0.0,0.0,0.0,1036.8000000000004,0.0,0.0,0.0,1152.0000000000002,0.0,0.0,0.0,1152.0000000000002,0.0,0.0,0.0,1152.0000000000002,0.0,0.0,115.20000000000003,921.6000000000003,0.0,0.0,0.0,1152.0000000000002,0.0,691.2000000000002,345.6000000000001,0.0,460.8000000000001,576.0000000000001,0.0,230.40000000000003,345.6,0.0,0.0,460.80000000000007,345.6,0.0,0.0,921.6000000000001,115.20000000000002,0.0,0.0,691.2,345.6,0.0,0.0,1152.0000000000002,0.0,0.0,0.0,1036.8,115.20000000000002,0.0,0.0,1152.0000000000002,0.0,1152.0000000000002,0.0,3870.6,967.65,1290.2,0.0,0.0,219.9110426712033,233.7615707481994,0.0,0.0,293.3373534300697,104.71426849104924,0.0,249.86632875208232,284.158492172199,0.0,0.0,110.99548863562728,351.26451218595196,0.0,118.77878276995395,297.6119357843492,78.09970629719282,0.0,57.529209532643236,305.66323752588437,188.72100808479152,0.0,634.2474540551784,0.0,0.0,564.9234767020985,59.20015737676785,0.0,0.0,0.0,0.0,503.6097162449588,112.41544505618663,0.0,0.0,494.4398565596185,109.58028723890564,0.0,133.4502466854783,393.73887845635335,84.52383580712285,0.0,55.257203750469245,455.43561375624256,99.42155952183359,0.0,292.39788037512733,253.14136036332405,53.03686771513898,0.0,211.6291035469428,330.12387561539344,71.2452261669176,306.0320934500045,325.1375291463071,0.0,0.0,186.93455368067288,409.46855821846066,0.0,0.0,0.0,0.0,0.0,0.0,0.0,0.0,0.0,0.0,0.0,2.0,0.0,0.0,0.0,2.0,0.0,0.0,0.0,2.0,0.0,0.0,0.0,2.0,0.0,0.0,0.0,1.0,395.56850305886235,44.5322339258957,0.0,395.1057264903002,44.387055227584156,0.0,416.35733027568756,29.604434484220633,0.0,410.29821253881454,38.987202047342144,0.0,45.120604792707425,0.0,44.32122575240282,0.0,50.34187821598701,0.0,46.55794700839087,0.0,794.7618494007183,92.00558471358659,0.0,793.6706901786463,86.7714306250601,0.0,840.2053683891676,56.242903926463114,0.0,820.367708187028,76.30040840176291,0.0,88.00447245435137,0.0,0.0,86.02010135002168,0.0,0.0,100.62926809893516,0.0,0.0,94.26460819834186,0.0,0.0,0.0,1.0,146.7430910965219,0.0,0.0,145.38010977490038,0.0,0.0,145.84274263883435,0.0,0.0,144.90053429689266,0.0,0.0,169.52741574124968,0.0,0.0,169.03095898042352,0.0,0.0,160.02525302282706,0.0,0.0,155.14990418610597,0.0,0.0,22.1184,14.7456,22.1184,14.7456,25.8048,11.0592,23.9616,12.9024,0.0,4.0,0.0,4.0,0.0,4.0,0.0,4.0,2.0,0.0,0.0,1.0,0.0,2699.0003236290904,1393.1117368935518,246.69955970806004,2734.3599858123252,1354.9189153293592,221.33222361543142,3050.1705456486216,1171.939304334951,34.14683596177644,2836.3027676872643,1356.1174571348668,196.6553128953381,54.19534846888885,0.0,0.0,54.08994013086843,0.0,0.0,54.5477450405738,0.0,0.0,54.40940222872295,0.0,0.0,0.0,1.0,2.0,0.0,1.0,1.0,0.0,1.0,0.0,1.0,0.0
84.1%,442.368,368.64,258.048,258.048,479.232,368.64,221.184,73.72800000000001,552.96,294.91200000000003,0.0,0.0,516.096,331.776,36.864000000000004,0.0,552.96,147.45600000000002,0.0,0.0,552.96,184.32,0.0,0.0,552.96,0.0,552.96,0.0,0.0,0.0,552.96,552.96,0.0,0.0,552.96,442.368,0.0,110.592,552.96,0.0,0.0,36.864000000000004,552.96,36.864000000000004,73.72800000000001,294.91200000000003,552.96,0.0,36.864000000000004,184.32,552.96,0.0,516.096,368.64,36.864000000000004,405.504,405.504,184.32,0.0,0.0,1152.0000000000002,1152.0000000000002,0.0,0.0,1152.0000000000002,921.6000000000003,0.0,230.40000000000006,1152.0000000000002,0.0,0.0,115.20000000000003,1152.0000000000002,115.20000000000003,115.20000000000003,691.2000000000002,1152.0000000000002,0.0,0.0,460.8000000000001,1152.0000000000002,0.0,1036.8000000000004,806.4000000000001,115.20000000000003,921.6000000000003,806.4000000000001,345.6000000000001,921.6000000000001,691.2,460.80000000000007,576.0000000000001,1036.8,806.4000000000001,460.80000000000007,115.20000000000002,1152.0000000000002,576.0000000000001,0.0,0.0,1152.0000000000002,691.2,115.20000000000002,0.0,1152.0000000000002,345.6,0.0,0.0,1152.0000000000002,460.80000000000007,0.0,0.0,1152.0000000000002,0.0,1152.0000000000002,0.0,6128.450000000001,1612.75,4193.15,0.0,244.46117215287325,592.0300841892383,725.7138705937194,0.0,281.20869746143296,647.5182885414364,636.6015810685258,176.56140213414034,517.620567341703,625.150502827826,37.23947196809018,83.05593243951937,421.2987821515414,662.1655027553198,295.2060176939193,454.4516947719231,565.6710790062045,423.72316617609664,0.0,281.7431977659825,577.6385456343518,530.3814057408537,0.0,973.4003435034855,132.04637836305665,0.0,900.7182127211604,292.37967737691685,0.0,0.0,0.0,130.67194346659622,798.2594054764161,238.50113639810692,0.0,154.4415412010077,780.2097324125614,242.73275934787003,0.0,401.294801138649,664.1289777241294,200.18379120885487,0.0,260.39189323661594,735.1622654137717,221.38215828802598,92.37809562491628,572.7904194293327,535.807242779525,153.9275241403734,46.10512485138802,484.78162155818393,605.2273898380276,180.65508620405393,610.9815581787816,596.4000067205322,0.0,0.0,445.2541181211315,676.0060441454297,105.11520286153022,0.0,0.0,2.0,2.0,2.0,0.0,2.0,2.0,2.0,2.0,2.0,2.0,0.0,0.0,2.0,2.0,0.0,2.0,2.0,0.0,0.0,2.0,2.0,0.0,0.0,0.0,1.0,624.0197146547646,182.53101927815896,23.99740424444573,633.6039662758637,182.5677083576985,25.05321292771015,656.9760266385658,142.66043156887702,0.0,639.7359172656397,160.31788123707418,17.986373607669197,87.92599428798479,77.85897173897693,86.79014892786643,80.10234713323231,90.45767285446291,73.3968396004371,87.92599074268371,77.69253445117882,1255.9939435422693,364.82899935980674,47.190327230919756,1259.4355541164912,373.3835995505769,47.78324812622921,1306.7986303698704,292.1325843592681,0.0,1270.2273176231374,317.5277398061305,31.851509983629146,175.73328167383727,119.45004976526384,87.52821574246839,174.1297899406832,121.22239496738743,87.82105023728779,180.3494106530138,111.57614149963909,0.0,179.0856485724246,113.95304591144102,63.47600327720449,0.0,1.0,287.7820047959313,199.83513126819912,146.99467151324254,294.39127101816433,197.98788498068814,152.0705580426302,290.34769520252195,189.1656912483788,163.41646918111766,292.73678930216306,196.4318298946364,151.16324553234713,302.0022026293244,183.8155000724261,0.0,305.65719708646964,183.36269538401282,0.0,296.89063026135295,190.94625728515962,0.0,297.59146171196187,196.8714628575352,92.02113356128257,33.1776,29.4912,35.0208,29.4912,35.0208,25.8048,33.1776,27.648,4.0,4.0,4.0,4.0,4.0,4.0,4.0,4.0,2.0,2.0,0.0,1.0,0.0,5023.169786610146,2777.1861745339042,1428.9700069773066,5115.908041645645,2761.129073693705,1456.4267273925377,5375.210363943482,2602.9104041812434,1006.586450076576,5087.670047761963,2708.4819410922173,1116.3408760619811,81.62707652622214,0.0,0.0,81.52479792023159,0.0,0.0,81.86459931552524,0.0,0.0,81.68513396845708,0.0,0.0,1.0,1.0,2.0,0.0,1.0,1.0,0.0,1.0,0.0,1.0,0.0
90%,516.096,368.64,294.91200000000003,442.368,516.096,405.504,294.91200000000003,184.32,552.96,331.776,0.0,0.0,552.96,368.64,110.592,0.0,552.96,221.184,0.0,0.0,552.96,258.048,0.0,0.0,552.96,0.0,552.96,0.0,0.0,0.0,552.96,552.96,0.0,36.864000000000004,552.96,552.96,0.0,184.32,552.96,0.0,0.0,73.72800000000001,552.96,151.14240000001342,110.592,368.64,552.96,0.0,36.864000000000004,258.048,552.96,0.0,552.96,405.504,73.72800000000001,479.232,405.504,258.048,0.0,0.0,1152.0000000000002,1152.0000000000002,0.0,0.0,1152.0000000000002,1152.0000000000002,0.0,345.6000000000001,1152.0000000000002,0.0,0.0,115.20000000000003,1152.0000000000002,345.6000000000001,230.40000000000006,806.4000000000001,1152.0000000000002,0.0,115.20000000000003,576.0000000000001,1152.0000000000002,0.0,1152.0000000000002,806.4000000000001,230.40000000000006,921.6000000000003,921.6000000000003,576.0000000000001,1036.8,806.4000000000001,691.2,921.6000000000001,1036.8,806.4000000000001,576.0000000000001,345.6,1152.0000000000002,691.2,0.0,0.0,1152.0000000000002,806.4000000000001,230.40000000000003,0.0,1152.0000000000002,460.80000000000007,0.0,0.0,1152.0000000000002,576.0000000000001,0.0,0.0,1152.0000000000002,0.0,1152.0000000000002,0.0,6451.0,1935.3,5160.8,53.75863389243042,349.84767980159774,707.0523302759066,872.5183428362102,69.81127057598528,384.5183658242599,767.2033401611731,766.8417679517755,256.6951272837048,609.9306649343566,735.4501703575772,108.58315626288802,136.303249728673,517.7064619724148,770.9656412714533,476.2820388331452,570.0395929942508,663.1377808645505,540.2832035455846,0.0,371.6857133831034,658.3734747219245,645.2159400657927,0.0,1090.2927472891959,200.1796558057731,0.0,1026.7152148338525,385.2125014994921,0.0,0.0,0.0,205.06093117186873,909.8864789456549,284.2930476251183,0.0,234.3465170793779,889.2213581019221,286.5563478945567,44.192020877336404,494.30718109454176,760.1672767160371,241.43243689323188,0.0,356.1804533130793,835.5971518954661,268.1474687585159,133.11360452175862,672.4240524299818,630.6312338889879,194.68131827265876,74.02369693562231,583.9558856915334,712.8087509936564,224.0576439591114,711.3837261954156,691.7456809641567,70.803824715878,0.0,529.4257592227731,773.162584185307,154.4679741275189,51.92841574903541,0.0,2.0,2.0,2.0,0.0,2.0,2.0,2.0,2.0,2.0,2.0,0.0,2.0,2.0,2.0,2.0,2.0,2.0,2.0,0.0,2.0,2.0,2.0,0.0,0.0,1.0,710.8129324385376,237.80209634153195,41.33977170259733,718.1477924392726,234.50568665760815,40.63002420190525,745.0047758997491,187.87584208685564,27.967820024264924,723.0026046563742,208.52070800807633,31.813388664186437,101.61702191231913,91.62587196789146,99.76620096848777,93.54857143183762,102.99283170625648,87.61157367239792,100.56778672333041,92.03652841767938,1414.9316158668867,459.183411886541,82.16844187775287,1426.789562686043,478.5041058524736,82.90360893855076,1467.8341877458058,386.86637654252434,54.054859355209004,1438.8647932614274,414.0175801081591,60.14628340275231,201.20491363860614,152.23824662847167,127.97025484158387,201.21302633034753,154.26955369247818,129.44343649179405,205.02873574501555,148.87674933923515,107.09531267086822,204.46291522758182,148.60216773089175,119.84406556625305,0.0,1.0,332.39462210303293,256.0171970458299,218.9069768503835,339.61440503339253,250.29087748739545,217.85499320678605,334.6581901832833,247.6461399103962,224.21360828297412,335.772863942122,253.62089949985236,218.48596117329845,345.69996086066965,241.06619134244326,178.15578785966346,348.2888264957108,242.82078497121844,180.4043052419241,340.02786513361957,250.44726227948775,204.67921686760124,341.6387839455895,251.54337267787153,204.16973490373417,35.0208,33.1776,35.0208,33.1776,36.864,29.4912,35.0208,29.4912,4.0,4.0,4.0,4.0,4.0,4.0,4.0,4.0,2.0,2.0,0.0,1.0,0.0,5829.721579877241,3248.5521416790452,1982.1858064247542,5920.229306155274,3258.740540911375,2097.623924202175,6219.742647124087,3087.5458274526445,1518.5781234134367,5862.364796774996,3232.7998349169625,1646.6346672840557,91.51439631235942,0.0,0.0,91.43376445528938,0.0,0.0,91.56916325156782,0.0,0.0,91.43277542097651,0.0,0.0,1.0,1.0,2.0,0.0,1.0,1.0,0.0,1.0,0.0,1.0,1.0
97.7%,552.96,442.368,405.504,552.96,552.96,442.368,405.504,516.096,552.96,405.504,110.592,0.0,552.96,442.368,331.776,110.592,552.96,368.64,0.0,0.0,552.96,368.64,36.864000000000004,0.0,552.96,0.0,552.96,0.8478720000050963,0.0,147.45600000000002,552.96,552.96,0.0,184.32,552.96,552.96,73.72800000000001,331.776,552.96,148.3038720000051,36.864000000000004,258.048,552.96,516.096,258.048,442.368,552.96,0.0,110.592,405.504,552.96,36.864000000000004,552.96,442.368,294.91200000000003,552.96,479.232,479.232,0.0,345.6000000000001,1152.0000000000002,1152.0000000000002,0.0,345.6000000000001,1152.0000000000002,1152.0000000000002,115.20000000000003,691.2000000000002,1152.0000000000002,345.6000000000001,115.20000000000003,576.0000000000001,1152.0000000000002,1152.0000000000002,576.0000000000001,921.6000000000003,1152.0000000000002,0.0,230.40000000000006,806.4000000000001,1152.0000000000002,0.0,1152.0000000000002,1036.8000000000004,691.2000000000002,1152.0000000000002,1036.8000000000004,1036.8000000000004,1152.0000000000002,1036.8,806.4000000000001,1152.0000000000002,1152.0000000000002,1036.8,806.4000000000001,1152.0000000000002,1152.0000000000002,921.6000000000001,345.6,0.0,1152.0000000000002,921.6000000000001,691.2,230.40000000000003,1152.0000000000002,806.4000000000001,0.0,0.0,1152.0000000000002,806.4000000000001,0.0,0.0,1152.0000000000002,0.0,1152.0000000000002,0.0,6451.0,2580.4,6128.450000000001,267.57858505840943,632.5643106893802,1029.9260503776475,1257.8521870325526,260.6233875197629,649.8576384661795,1096.2521202444643,1157.0870406964436,542.2361169795951,913.2413599543681,1078.1236780316408,490.51722951585197,389.7919793844126,837.0625245355938,1115.4918976610168,846.7361419266232,927.8518578479848,952.1972971375304,880.3982593884851,187.79245562703477,667.5320215345276,923.7982636381129,985.7879364307146,244.08651320563357,1464.83095951085,436.6326977918466,0.0,1373.2756646520443,653.3026157582533,87.81153691782899,0.0,50.30305224485455,494.69294765021345,1228.9936663115466,440.16022585408626,60.76782492164367,510.680707227235,1195.241574950768,429.5332065875027,125.81619566855333,784.2385128787511,1084.7611700699006,376.9187955373539,89.2994941428134,648.5068163331064,1185.0251194590924,412.8985257637165,325.77744531821867,968.6682161683286,908.0939484055573,322.2913507941244,176.1287200640901,870.913867594867,1029.2504958423253,365.739628774638,1051.1482642320957,990.0922201134887,191.9017791581289,76.36707178618336,848.2503720619671,1080.8209042511821,338.94398211315996,132.74985494375875,2.0,2.0,2.0,2.0,2.0,2.0,2.0,2.0,2.0,2.0,2.0,2.0,2.0,2.0,2.0,2.0,2.0,2.0,2.0,0.0,2.0,2.0,2.0,0.0,1.0,1.0,967.6425431317124,396.67341904475944,130.34653768170597,988.2754730047138,382.16201729554285,140.33403195660324,1009.2169595281425,331.2384312817491,87.61905884101532,982.6945319609016,345.77708441041415,96.94927527465163,140.65968706588816,130.47126897001087,137.1102925347805,133.33701225508926,140.29927281107558,128.87079574719465,138.4583055119505,130.97215856018036,1934.384255023965,757.5127739776404,274.0490532318413,1895.9546607365794,818.4382070925418,296.911134424698,1976.953119163891,665.3422510085198,184.2477354208086,1926.9227495894622,719.5024160265834,205.5968856470238,280.51061081498364,236.78101380596368,214.73872559033032,279.25216782518976,233.73745905420648,220.48310164533598,282.25478592617105,235.68091662577973,204.70764445976738,280.11701949650467,227.88711893107876,210.53315141162875,1.0,1.0,469.6261613749595,383.4853763072463,365.08331894640526,467.5155779982548,382.7854301640707,358.1253209394923,462.63660307014635,392.22438285852184,369.33432127993956,459.31949557376856,382.5621762537438,365.53528582699477,474.96533210708293,379.260303631216,337.7519517696471,478.1982519411734,385.9167978166234,323.33391462797937,470.74380551063695,389.53500909790216,359.50312914328856,468.5107902036192,394.19082333679995,339.47749144020935,36.864,36.864,36.864,36.864,36.864,35.0208,36.864,35.0208,4.0,4.0,4.0,4.0,4.0,4.0,4.0,4.0,2.0,2.0,2.0,1.0,1.0,8010.765257812255,4728.753742353697,3904.819358440323,8538.444870138781,4737.035586814073,3960.843565323547,8891.352634001467,4532.8188165806405,3186.6185686205376,8313.507730081905,4714.713291601719,3277.665891561639,121.85978600306366,0.0,0.0,120.80927012237677,0.0,0.0,121.88375251887764,0.0,0.0,122.39613094681967,0.0,0.0,1.0,1.0,2.0,2.0,1.0,1.0,1.0,1.0,1.0,1.0,1.0
99.9%,552.96,516.096,479.232,552.96,552.96,516.096,479.232,552.96,552.96,516.096,405.504,221.184,552.96,516.096,442.368,516.1328640000075,552.96,479.232,405.504,110.592,552.96,479.2688640000075,331.8128640000075,73.72800000000001,552.96,36.900864000007516,552.96,110.62886400000751,147.45600000000002,442.368,552.96,552.96,147.45600000000002,405.504,552.96,552.96,184.32,442.4048640000075,552.96,552.96,221.2208640000075,442.368,552.96,552.96,442.368,516.096,552.96,479.2688640000075,331.776,479.232,552.96,442.4048640000075,552.96,516.096,552.96,552.96,552.96,552.96,345.6000000000001,921.6000000000003,1152.0000000000002,1152.0000000000002,230.40000000000006,921.6000000000003,1152.0000000000002,1152.0000000000002,460.8000000000001,1036.8000000000004,1152.0000000000002,1152.0000000000002,345.6000000000001,1036.8000000000004,1152.0000000000002,1152.0000000000002,1036.8000000000004,1152.0000000000002,1152.0000000000002,1036.8000000000004,691.3152000000237,1152.0000000000002,1152.0000000000002,921.7152000000237,1152.0000000000002,1152.0000000000002,1152.0000000000002,1152.0000000000002,1152.0000000000002,1152.0000000000002,1152.0000000000002,1152.0000000000002,1036.8,1152.0000000000002,1152.0000000000002,1152.0000000000002,1036.8,1152.0000000000002,1152.0000000000002,1152.0000000000002,921.6000000000001,460.91520000002356,1152.0000000000002,1152.0000000000002,1036.8,1152.0000000000002,1152.0000000000002,1036.8,806.4000000000001,115.20000000000002,1152.0000000000002,1036.8,691.2,115.31520000002348,1152.0000000000002,115.20000000000002,1152.0000000000002,230.5152000000235,6451.0,3225.5,6451.0,848.8788924910775,1198.2378313914573,1767.0438493410031,2134.1401544154933,788.8942029395537,1282.849288538565,1831.5444382897026,2039.157548182444,1230.0897824165609,1501.4044053797102,1605.8555003757258,1280.50134264157,900.3222348800872,1494.770625454906,1886.806790594695,1468.9686480074301,1656.4338745796335,1820.4696192732483,1567.143682539239,831.1355073655191,1264.5118982416254,1442.93351592855,1629.7502044165774,881.2532683616596,2231.463409611632,1074.406005353874,278.20620871401223,2093.6425174399915,1226.296846549733,538.9668143221985,0.0,221.81055430187888,956.7962309312647,1905.330394340906,758.9716661591958,244.14252693444405,919.1632521489056,1999.9424031780072,784.7870764883321,376.50336767165584,1526.7439978242046,1706.0234462528804,784.591892400636,243.45491473411786,1201.7682758704154,1910.7329681073566,785.4809922038945,819.4214440822504,1667.3570240975748,1599.197507851587,620.5088939890234,489.5016167755933,1505.3998808993942,1629.5998079829076,659.6489177037347,1797.8992905184175,1741.5978532606964,605.8799290784114,223.04875604227442,1530.0633194651425,1608.5380305413616,743.9702911087388,354.21502665867047,2.0,2.0,2.0,2.0,2.0,2.0,2.0,2.0,2.0,2.0,2.0,2.0,2.0,2.0,2.0,2.0,2.0,2.0,2.0,2.0,2.0,2.0,2.0,2.0,1.0,1.0,1515.33748496967,662.3149319767055,423.25423365526507,1503.7055631924204,651.2225686534051,451.7564864556524,1592.8773147278735,635.0144782532583,352.8726311052644,1502.882621270897,638.309725357823,355.0495917173839,207.63522335404636,224.21745325073996,226.30993424097437,214.63655591159707,221.35463771687654,208.2910483359999,227.88193044848472,203.64582666372638,3096.517924270966,1479.574664808568,846.3836754822863,3059.605221849791,1320.4521766234527,850.0921090694701,2894.4978714383337,1166.0566192535857,745.1551723307367,3007.0954552695753,1436.6258019916916,639.0941394562442,438.14351738210075,367.8268470489545,390.84212191984545,413.84536268742545,422.5230210351913,394.58983629685963,456.0101150312294,386.47455475785614,336.37385161709017,464.5524003547182,397.22966588740576,356.44717323296067,1.0,1.0,765.8009419840001,630.4375137023284,615.7552717323788,717.0246537639688,650.81267299314,639.4801928572099,725.6964288161838,663.1852048347149,619.9218792899323,753.7980913848357,648.6195614986875,627.2144989121803,725.3317855472487,646.6893516214581,635.668338100893,769.1013004538464,669.8980785524317,594.5077299739457,773.9259438356638,642.2978033191002,601.3458756730402,766.7783585286772,625.0501722456283,585.203086360951,36.864,36.864,36.864,36.864,36.864,36.864,36.864,36.864,4.0,4.0,4.0,4.0,4.0,4.0,4.0,4.0,2.0,2.0,2.0,1.0,1.0,13886.07349753668,7674.617237943579,7958.030966567188,13001.469555945008,7778.945379550475,8347.752534229809,14393.036939268502,8030.74404177817,6929.37784441659,13082.38522037677,7860.000451646515,7616.204825454914,189.33418258154563,113.14962344754588,93.46468636952179,180.83336466458078,128.93241041440425,114.88143818324194,184.18207359013925,108.61265195240925,93.07878546010795,189.7007716152403,108.4133860790901,87.29969684727197,1.0,1.0,2.0,2.0,1.0,1.0,1.0,1.0,1.0,1.0,1.0
max,552.96,552.96,516.096,552.96,552.96,552.96,479.232,552.96,552.96,516.096,516.096,368.64,552.96,516.096,479.232,552.96,552.96,516.096,479.232,147.45600000000002,552.96,552.96,442.368,110.592,552.96,147.45600000000002,552.96,294.91200000000003,294.91200000000003,479.232,552.96,552.96,405.504,516.096,552.96,552.96,294.91200000000003,516.096,552.96,552.96,331.776,516.096,552.96,552.96,552.96,516.096,552.96,552.96,479.232,552.96,552.96,552.96,552.96,552.96,552.96,552.96,552.96,552.96,576.0000000000001,1036.8000000000004,1152.0000000000002,1152.0000000000002,921.6000000000003,1036.8000000000004,1152.0000000000002,1152.0000000000002,691.2000000000002,1152.0000000000002,1152.0000000000002,1152.0000000000002,921.6000000000003,1152.0000000000002,1152.0000000000002,1152.0000000000002,1036.8000000000004,1152.0000000000002,1152.0000000000002,1152.0000000000002,1152.0000000000002,1152.0000000000002,1152.0000000000002,1152.0000000000002,1152.0000000000002,1152.0000000000002,1152.0000000000002,1152.0000000000002,1152.0000000000002,1152.0000000000002,1152.0000000000002,1152.0000000000002,1152.0000000000002,1152.0000000000002,1152.0000000000002,1152.0000000000002,1152.0000000000002,1152.0000000000002,1152.0000000000002,1152.0000000000002,1036.8,806.4000000000001,1152.0000000000002,1152.0000000000002,1036.8,1152.0000000000002,1152.0000000000002,1152.0000000000002,921.6000000000001,345.6,1152.0000000000002,1152.0000000000002,806.4000000000001,460.80000000000007,1152.0000000000002,230.40000000000003,1152.0000000000002,576.0000000000001,6451.0,3870.6,6451.0,1330.1403701250997,2165.3909448212953,2692.969048746202,2279.2778288820964,991.278069083812,1575.818410823696,2720.132603536001,2491.237778546139,2069.8925205232786,1932.602364863039,2277.558155973448,1914.074229044143,1534.5646170226248,1835.5262854948767,2595.2160221130853,1852.0438950012144,2058.9289345767775,2429.836648076525,1690.094904908419,1371.6392143985206,2020.954691400328,1880.4051745450872,2324.3588443586727,1270.9671546118248,2903.9135429935936,1616.7694673454737,585.4686601812393,3215.6298736957783,1872.3493171043092,1034.8837637562906,114.98708486181008,354.5187647223003,1684.7966835469829,2805.9067211419533,859.7201777543726,402.70936280374775,1243.5073555936403,2598.207331245101,1156.9551464518336,641.9729344051749,1973.5798245949934,2307.0533969139183,988.737170105965,415.765323633486,1833.3610964913942,2673.2238808141756,1006.2640457429864,1499.5161901409435,2381.4681898575886,2284.2484785034717,903.2767920183446,916.5897925042333,1880.1343933682058,2082.4956064239996,901.5831645672802,2573.4612219237847,2193.046507504946,1223.5642900757723,338.8933276069748,2628.01019176243,2308.103552468401,1147.632698035724,435.0687679751487,2.0,2.0,2.0,2.0,2.0,2.0,2.0,2.0,2.0,2.0,2.0,2.0,2.0,2.0,2.0,2.0,2.0,2.0,2.0,2.0,2.0,2.0,2.0,2.0,1.0,1.0,2449.157526765298,860.9778262618544,662.062961964872,1599.2422838060102,1045.9558490600004,1007.707746079147,1909.2303123698637,809.2798351962018,696.6216914387285,1927.6976454757998,923.5935512723834,576.4527727207973,319.91264907032064,264.71054339588886,257.973400609864,355.1878880192385,356.0674671943264,259.7886905843369,274.4199221315901,327.2413777277097,3762.9379782091205,2128.901798018765,1419.2678653458433,3911.8829057067537,2753.789590365948,1052.974380817332,4203.271553521914,1515.4880142092982,1385.8508118471286,4636.983888297774,1768.5595292858563,1147.387611025663,596.7087796298387,456.27822668660974,518.6017679068086,535.8181018430764,767.9878307499957,528.3169071330711,627.0180679517376,487.61554144893466,493.6600285311295,598.4805423335077,439.210772979856,502.34987435865384,1.0,1.0,960.000369557201,696.4694032533286,788.8663927927514,1013.2798196434079,944.4302238465801,785.9593630365117,1047.215894758979,884.0068608856685,777.1195343459608,1032.5445605921623,786.0908102370772,893.236007661327,1473.2245576209677,906.8037642823107,860.8178658169983,1058.2518607225402,826.439736742547,671.2110734949989,1008.6623449228331,681.3908812340721,799.6909774925809,898.7869245138157,703.290726985292,991.8832297411255,36.864,36.864,36.864,36.864,36.864,36.864,36.864,36.864,4.0,4.0,4.0,4.0,4.0,4.0,4.0,4.0,2.0,2.0,2.0,1.0,1.0,16853.864047283634,9976.433764595147,10457.429410856988,17462.342041587148,11632.256654647495,12123.59346475528,17290.77265577656,14548.991865947555,10076.275771775041,17564.91332215854,9532.034120976461,9343.672178956744,274.9998540104766,153.09442286943224,144.27828312424427,218.46942231237918,255.64570200006403,161.9240625121427,264.247143191105,167.7544508033145,192.67383165531965,228.12691015025902,129.75950285456668,169.83512533669452,1.0,1.0,2.0,2.0,1.0,1.0,1.0,1.0,1.0,1.0,1.0
