1,1,1,0.2398981,0.409453933747412,0.3495108695652174,0.40341356107660453,0.4076630434782609
1,1,2,0.42462400299999997,0.3989415113871636,0.3909265010351967,0.4154684265010352,0.5470910973084886
1,1,3,0.1083808208,0.1848574016563147,0.20833566252587993,0.2214981884057971,0.3426061076604555
1,1,4,0.3410225228,0.5455098343685301,0.5988017598343686,0.5148084886128365,0.5216174948240165
1,1,5,0.24567839624000004,0.2293245341614907,0.28186076604554866,0.29191252587991723,0.4494849896480332
1,1,6,0.38221675015,0.3268944099378882,0.34344202898550724,0.3677432712215321,0.4632919254658385
1,1,7,0.1503233676,0.215217132505176,0.29185041407867496,0.2682996894409938,0.3540864389233954
1,1,8,0.16652428194,0.24643271221532093,0.2663250517598344,0.2738561076604555,0.381814182194617
1,1,9,0.1459676232,0.18902872670807455,0.2264616977225673,0.2575235507246377,0.34233178053830227
1,1,10,0.2812505381,0.3347800207039338,0.33513716356107665,0.36666407867494827,0.4737888198757764
1,1,11,0.0885507084,0.1295351966873706,0.1601242236024845,0.2184404761904762,0.28158385093167704
1,1,12,0.32876853704,0.34980331262939957,0.40741977225672876,0.3870885093167702,0.46657608695652175
1,1,13,0.2836797052,0.32101708074534163,0.32645703933747416,0.3813793995859214,0.4947644927536232
1,1,14,0.09609971072000001,0.15367236024844722,0.1751231884057971,0.1798511904761905,0.2195781573498965
1,1,15,0.25353632944000004,0.27777691511387165,0.35359213250517596,0.39362577639751556,0.49413561076604556
1,1,16,0.06504530582,0.09790036231884058,0.13008618012422363,0.14289829192546585,0.17375336438923397
1,1,17,0.05004323839000001,0.051971790890269154,0.061789596273291926,0.07255512422360248,0.09459523809523811
1,1,18,0.07197943231000001,0.09397800207039338,0.11593944099378882,0.12381728778467911,0.1345551242236025
1,1,19,0.14659228488,0.23779140786749484,0.2572795031055901,0.259120082815735,0.3901009316770187
1,1,20,0.35917743960000004,0.6585533126293996,0.5361749482401656,0.5382686335403727,0.5554373706004141
1,1,21,0.07780541341000001,0.08948990683229814,0.08150258799171843,0.08374689440993789,0.12752639751552797
1,1,22,0.05748834109,0.07095238095238096,0.07850439958592133,0.08878390269151139,0.12493400621118014
1,1,23,0.15995761128000002,0.25811982401656314,0.2715605590062112,0.25661878881987576,0.2671066252587992
1,1,24,0.05968150458,0.09665062111801243,0.09407919254658387,0.1189101966873706,0.14166356107660455
1,1,25,0.1427734,0.24174974120082815,0.26048395445134576,0.265212215320911,0.37837732919254663
1,1,26,0.21980281498,0.3063276397515528,0.347044513457557,0.3930538302277433,0.47270186335403724
1,1,27,0.1290841,0.21800698757763975,0.21427924430641823,0.22744487577639752,0.2528178053830228
1,1,28,0.17164396144,0.2712163561076605,0.21761801242236026,0.24370445134575572,0.2902148033126294
1,1,29,0.1113207485,0.20555279503105592,0.20709187370600418,0.22562085921325054,0.289878364389234
1,1,30,0.10966533953,0.16565320910973083,0.1403641304347826,0.15761024844720498,0.235235248447205
1,1,31,0.1960569447,0.24973084886128363,0.1394021739130435,0.15797903726708076,0.2633359213250518
1,1,32,0.15474079999999998,0.2319676501035197,0.30768633540372675,0.2992675983436853,0.4241226708074534
1,1,33,0.25722196459999996,0.3332867494824017,0.32370600414078676,0.3113793995859213,0.50699016563147
1,1,34,0.11664045678,0.12663690476190476,0.15924948240165632,0.19289311594202901,0.2723887163561077
1,1,35,0.08495805556,0.14343115942028986,0.13042805383022774,0.11623498964803314,0.20423136645962736
1,1,36,0.2179184932,0.2951630434782609,0.3508203933747412,0.3723990683229814,0.47413043478260875
1,1,37,0.1781726012,0.22571273291925467,0.2379893892339545,0.2673007246376812,0.41016045548654245
1,1,38,0.11546796534,0.11158695652173913,0.1324215838509317,0.13760817805383022,0.1566490683229814
1,1,39,0.07315476244,0.1062815734989648,0.15471972049689442,0.1498444616977226,0.19769616977225674
1,1,40,0.13727674952000002,0.18025879917184268,0.2222955486542443,0.2437753623188406,0.3468633540372671
1,1,41,0.1337261289,0.2232846790890269,0.21085144927536234,0.19351423395445136,0.2402797619047619
1,1,42,0.1272748404,0.1455010351966874,0.1606863354037267,0.14509368530020705,0.19409601449275363
1,1,43,0.07424054394,0.103324016563147,0.1516006728778468,0.15611982401656316,0.1805569358178054
1,1,44,0.3368756516,0.49109989648033125,0.6389182194616977,0.4698084886128365,0.585703933747412
1,1,45,0.16914999360000002,0.23629917184265012,0.23722308488612837,0.25612163561076606,0.39366718426501035
1,1,46,0.12651465463,0.14690942028985507,0.1864099378881988,0.15614104554865427,0.24372334368530021
1,1,47,0.15677572024,0.281128364389234,0.2530207039337474,0.26870341614906834,0.3957427536231884
1,1,48,0.06155983743,0.09121195652173915,0.1168452380952381,0.149203933747412,0.16706392339544515
1,1,49,0.25185557018000004,0.32198757763975155,0.3223757763975156,0.3307996894409938,0.47860248447204967
1,1,50,0.2900759198,0.4070755693581781,0.4085041407867495,0.4260817805383023,0.4646273291925466
1,2,1,0.26671865,0.5059808488612837,0.5535714285714286,0.5497877846790891,0.5686050724637681
1,2,2,0.3746782745000001,0.49130952380952386,0.5644694616977226,0.5146972049689441,0.5697903726708075
1,2,3,0.10117916199999999,0.15386697722567289,0.190699016563147,0.21450258799171842,0.3146195652173913
1,2,4,0.14530188830000001,0.20735947204968946,0.24416149068322981,0.25905538302277437,0.3780564182194617
1,2,5,0.16248991152,0.25295807453416147,0.29718685300207043,0.3499301242236025,0.4355175983436853
1,2,6,0.25115386030000003,0.31140269151138716,0.26988612836438924,0.33535714285714285,0.46661490683229817
1,2,7,0.16214143309999998,0.2470320910973085,0.27431935817805386,0.3076268115942029,0.4224430641821946
1,2,8,0.17216079512000002,0.1876982401656315,0.2599378881987578,0.25237448240165633,0.4084446169772257
1,2,9,0.20641616799999998,0.2879684265010352,0.30068581780538306,0.25905279503105594,0.42488354037267084
1,2,10,0.27112446838,0.4052018633540373,0.360546066252588,0.31585144927536235,0.4290527950310559
1,2,11,0.07864528000000001,0.09182142857142857,0.13197567287784678,0.20320833333333335,0.24079347826086955
1,2,12,0.24122212888000003,0.30006211180124226,0.3899767080745342,0.3626190476190477,0.4490683229813665
1,2,13,0.32385090250000004,0.3981935817805383,0.37817805383022773,0.39874482401656314,0.5030693581780539
1,2,14,0.11288152388,0.14791174948240168,0.17173887163561077,0.20696972049689444,0.3125569358178054
1,2,15,0.23529079184,0.2537950310559006,0.34343167701863353,0.3255227743271222,0.4643115942028986
1,2,16,0.08466535534000001,0.13506961697722566,0.1547414596273292,0.18117520703933748,0.20682660455486543
1,2,17,0.06129417467,0.09556573498964804,0.11970341614906833,0.15730408902691512,0.20737991718426504
1,2,18,0.06652063819,0.0899495341614907,0.1381796066252588,0.17799508281573498,0.1824355590062112
1,2,19,0.20308736896000001,0.23600491718426503,0.32262163561076607,0.38794254658385097,0.49083592132505177
1,2,20,0.27487223672,0.4253597308488613,0.42025879917184267,0.38478778467908903,0.42148291925465836
1,2,21,0.07330949527,0.07797489648033126,0.1160212215320911,0.11430357142857143,0.14880434782608695
1,2,22,0.061851064610000006,0.08448498964803314,0.11246247412008283,0.17750931677018636,0.21871868530020705
1,2,23,0.16385300192000002,0.22789052795031056,0.27173136645962737,0.30011645962732925,0.43318581780538307
1,2,24,0.06769872651,0.08439725672877847,0.10972463768115942,0.16652277432712215,0.20557013457556936
1,2,25,0.16680545000000002,0.30543219461697724,0.3223317805383023,0.2944875776397516,0.35152950310559006
1,2,26,0.20651073394,0.32677536231884063,0.3511775362318841,0.37887163561076603,0.43233954451345763
1,2,27,0.11578355,0.21381935817805384,0.24917080745341616,0.23984083850931678,0.3524353002070394
1,2,28,0.15991799744000001,0.2574045031055901,0.25345729813664597,0.27376811594202904,0.3962707039337474
1,2,29,0.10019133313,0.24092753623188407,0.2593840579710145,0.2446576086956522,0.33405020703933747
1,2,30,0.07786844021,0.10434860248447206,0.0929715320910973,0.07706392339544514,0.15522644927536233
1,2,31,0.13878400370000002,0.1740577122153209,0.18726656314699797,0.18844591097308488,0.2555636645962733
1,2,32,0.1485793,0.20199353002070392,0.26448498964803313,0.32490683229813666,0.4380150103519669
1,2,33,0.23910070240000003,0.2590036231884058,0.30700310559006216,0.3200465838509317,0.4502148033126294
1,2,34,0.11027652208,0.15968452380952383,0.16594151138716356,0.17379528985507248,0.21098007246376813
1,2,35,0.07513240372,0.10165786749482403,0.09773654244306419,0.09467468944099379,0.18388250517598345
1,2,36,0.2710958048,0.34740165631469977,0.376868530020704,0.3688431677018633,0.41821687370600413
1,2,37,0.1718642428,0.25355538302277436,0.21457738095238096,0.2614233954451346,0.4046350931677019
1,2,38,0.09330078212,0.11350051759834369,0.1574888716356108,0.17920910973084886,0.2168444616977226
1,2,39,0.13649065808000002,0.14795471014492753,0.21190139751552795,0.24926138716356108,0.37828674948240165
1,2,40,0.13410871176000003,0.1668222049689441,0.26146221532091096,0.23505175983436855,0.3685481366459628
1,2,41,0.14346494071000002,0.20751242236024847,0.22313923395445137,0.2692365424430642,0.3934420289855073
1,2,42,0.1317956562,0.16314156314699793,0.20749870600414078,0.1996796066252588,0.24826708074534165
1,2,43,0.07665618069999999,0.14488793995859214,0.21057013457556936,0.23578002070393378,0.321972049689441
1,2,44,0.2713079776,0.42147515527950313,0.4127717391304348,0.3750750517598344,0.45862060041407876
1,2,45,0.1536644576,0.20365113871635612,0.24758695652173912,0.27105848861283643,0.4107505175983437
1,2,46,0.1115136932,0.16712292960662528,0.16892391304347826,0.19170496894409939,0.27368530020703935
1,2,47,0.12611774323,0.24535481366459627,0.265248447204969,0.2727406832298137,0.433768115942029
1,2,48,0.05342496341,0.08350879917184266,0.10282324016563148,0.0995054347826087,0.11913328157349896
1,2,49,0.32656184,0.35983695652173914,0.5193659420289856,0.39529503105590064,0.5466071428571428
1,2,50,0.3515382332,0.4197230848861284,0.3876501035196688,0.361389751552795,0.5000077639751553
2,1,1,0.7571585000000001,1.1477587991718428,0.9528234989648033,0.76597049689441,0.8364156314699793
2,1,2,0.4749234104,0.5357738095238096,0.5064182194616977,0.5395186335403727,0.5525025879917185
2,1,3,0.64826,0.7225465838509317,0.7661257763975156,0.720916149068323,0.809368530020704
2,1,4,0.632142,0.8894565217391305,1.041322463768116,0.889702380952381,0.9257065217391305
2,1,5,0.5163264684,0.6095108695652174,0.6254425465838509,0.7171273291925466,0.6908436853002071
2,1,6,0.31200869999999997,0.5033203933747412,0.4978053830227744,0.5174560041407867,0.5401164596273292
2,1,7,0.7674945,1.01777950310559,0.873095238095238,0.7855486542443064,0.8679736024844721
2,1,8,0.3678553,0.6797826086956522,0.6528312629399586,0.6200517598343686,0.6828390269151139
2,1,9,0.28336295,0.5991045548654245,0.5778364389233955,0.5202148033126294,0.5231884057971015
2,1,10,0.4134709244,0.39059265010351973,0.5062034161490684,0.4865709109730849,0.5543581780538303
2,1,11,0.4262954992,0.42032091097308494,0.3704580745341615,0.4527950310559007,0.5360947204968944
2,1,12,0.7617720648,0.8251578674948241,0.691074016563147,0.671322463768116,0.7225595238095238
2,1,13,0.19777967246000003,0.27237836438923396,0.2648317805383023,0.26796842650103525,0.39324016563147
2,1,14,0.5838154999999999,0.619526397515528,0.6848654244306419,0.6790838509316771,0.7371402691511388
2,1,15,0.4496551009,0.6619668737060042,0.6799560041407868,0.5230201863354037,0.593786231884058
2,1,16,0.7192013688,0.6588457556935818,0.745898033126294,0.633203933747412,0.7899818840579711
2,1,17,0.4535505,0.6722696687370601,0.7432556935817807,0.7570496894409938,0.771037784679089
2,1,18,0.9144285634,1.0664001035196689,0.9832660455486544,0.8812914078674949,0.906935817805383
2,1,19,0.3766405036,0.5723162525879918,0.7685196687370601,0.5761853002070394,0.68268115942029
2,1,20,0.19112247580000002,0.33640786749482404,0.39203416149068326,0.34729554865424433,0.42481107660455486
2,1,21,0.24218086893000002,0.45083333333333336,0.45356366459627334,0.376055900621118,0.4452251552795031
2,1,22,0.31734270000000003,0.4311853002070394,0.32941770186335406,0.39611542443064185,0.4574767080745342
2,1,23,0.29295664536000005,0.30001035196687376,0.3868633540372671,0.3414130434782609,0.474544513457557
2,1,24,0.18750644548999998,0.22741925465838508,0.2699197722567288,0.28056935817805384,0.35097826086956524
2,1,25,0.22281416765,0.2629710144927536,0.2943633540372671,0.3196195652173913,0.3373913043478261
2,1,26,0.3345866,0.42933488612836446,0.5005693581780538,0.4950931677018634,0.6085041407867495
2,1,27,0.25592680559000003,0.2333250517598344,0.2662888198757764,0.2559997412008282,0.35481107660455485
2,1,28,0.7772987044,0.9387914078674949,0.9782893374741202,0.8276242236024844,0.8631961697722568
2,1,29,0.17370538187999998,0.22486568322981365,0.2834368530020704,0.2926475155279503,0.44800724637681166
2,1,30,0.18630580696000001,0.27228002070393376,0.28701345755693586,0.2713949275362319,0.34217391304347833
2,1,31,0.2199565192,0.26972826086956525,0.26331521739130437,0.25263379917184264,0.4123757763975156
2,1,32,0.6043742609,0.7700828157349897,0.9253493788819876,0.6754244306418219,0.7473136645962734
2,1,33,1.0606498288,0.9958488612836439,0.7407375776397516,0.7966381987577641,0.8466433747412008
2,1,34,0.5279885199000001,0.621674430641822,0.6756107660455487,0.7015605590062113,0.7416278467908903
2,1,35,0.32203590692,0.2700776397515528,0.3164156314699793,0.3601889233954451,0.5265579710144928
2,1,36,0.6245658662,0.625266563146998,0.7915165631469979,0.7213742236024845,0.653962215320911
2,1,37,0.4673189,0.5989104554865425,0.5863561076604555,0.49266821946169775,0.5338198757763976
2,1,38,0.8060108918000001,0.7643141821946171,0.8910688405797103,0.7770056935817806,0.8335636645962733
2,1,39,0.3576875211,0.7765269151138717,0.9357194616977227,0.9171273291925466,0.969070910973085
2,1,40,0.6276982916,0.7450491718426502,0.735825569358178,0.715370082815735,0.7218245341614907
2,1,41,0.5314720476,0.5575621118012423,0.5698473084886129,0.4973706004140787,0.49678571428571433
2,1,42,0.38054286140000004,0.38960144927536233,0.3300258799171843,0.24848421325051762,0.5157556935817806
2,1,43,0.17693879999999998,0.22543478260869568,0.26418219461697723,0.25664492753623186,0.3975698757763976
2,1,44,0.5563882464000001,0.6151863354037267,0.8083721532091098,0.7090191511387164,0.8073421325051761
2,1,45,0.30049528873000003,0.4051371635610766,0.37737318840579714,0.377202380952381,0.49560817805383023
2,1,46,0.2775940196,0.48872153209109737,0.49196428571428574,0.44983695652173916,0.5067210144927536
2,1,47,0.34462335,0.3700776397515528,0.3560791925465839,0.3597929606625259,0.4851604554865425
2,2,1,0.5696515,0.8323059006211181,0.806358695652174,0.7691692546583851,0.7645755693581782
2,2,2,0.443365831,0.6670160455486543,0.6986076604554866,0.5726759834368531,0.6673188405797101
2,2,3,0.9487334999999999,0.934472049689441,0.8268762939958593,0.8683074534161491,0.9685093167701865
2,2,4,0.6818394999999999,1.2065243271221533,0.9838871635610766,0.717360248447205,0.8928726708074534
2,2,5,0.730149116,0.9831237060041409,1.0046557971014494,0.6568530020703934,0.9971247412008282
2,2,6,0.35715185000000005,0.4317831262939959,0.5520496894409939,0.4816330227743272,0.5040424430641822
2,2,7,0.8789445,1.0726966873706005,0.8863379917184265,0.816899585921325,0.8338095238095239
2,2,8,0.660847,1.207505175983437,1.1726733954451345,0.9439001035196688,0.9995005175983437
2,2,9,0.19309735,0.29281314699792965,0.32284420289855076,0.37788302277432717,0.38594461697722565
2,2,10,0.47202154250000006,0.5118814699792961,0.48864648033126296,0.50226966873706,0.563416149068323
2,2,11,0.3883268055,0.42601190476190476,0.43347826086956526,0.43434265010351975,0.5520238095238096
2,2,12,1.0838620787,1.2028260869565217,1.081237060041408,0.8336335403726708,0.9766097308488614
2,2,13,0.29581502120000003,0.393786231884058,0.3431754658385094,0.36876293995859216,0.48015269151138723
2,2,14,0.568315,0.9389622153209111,0.9277950310559007,0.8303907867494824,0.9703234989648033
2,2,15,0.5714725823000001,0.8295289855072464,0.8210662525879917,0.5397593167701863,0.7419824016563148
2,2,16,1.002752662,0.8352872670807454,0.8880408902691512,0.7365139751552795,0.9812965838509318
2,2,17,0.620784,1.3203467908902693,1.0728493788819875,0.7865217391304348,0.9040553830227743
2,2,18,0.6258695080000001,0.893555900621118,0.784526397515528,0.6542391304347827,0.6956159420289856
2,2,19,0.28644647392000006,0.5047334368530021,0.49569358178053835,0.4887784679089027,0.5505175983436853
2,2,20,0.1483867244,0.28914337474120083,0.32473084886128367,0.31935559006211184,0.40699275362318843
2,2,21,0.2377031293,0.36836956521739134,0.4010688405797102,0.34608954451345764,0.43065476190476193
2,2,22,0.29807635,0.5351682194616977,0.4534057971014493,0.3939777432712216,0.4930564182194617
2,2,23,0.29886654904000004,0.20577872670807454,0.2615657349896481,0.27120341614906834,0.40952898550724637
2,2,24,0.25130961400999996,0.21997153209109732,0.2640916149068323,0.30224896480331265,0.4934316770186336
2,2,25,0.12267230867000001,0.23054528985507247,0.27462991718426505,0.2517613871635611,0.3187292960662526
2,2,26,0.69381,1.0792857142857144,1.184562629399586,1.0708281573498966,1.205253623188406
2,2,27,0.24113829773,0.2693348861283644,0.3203597308488613,0.2851733954451346,0.40739648033126297
2,2,28,0.7341046352,1.2299094202898553,1.2454580745341617,1.0350983436853003,1.085429606625259
2,2,29,0.21547053002,0.19347593167701865,0.28417184265010353,0.2782686335403727,0.36548654244306417
2,2,30,0.19414000788,0.2106061076604555,0.2579184782608696,0.29690993788819875,0.42786231884057974
2,2,31,0.2356020432,0.357256728778468,0.3859368530020704,0.4251656314699793,0.466146480331263
2,2,32,0.5814084778,1.0764415113871637,1.1327277432712215,0.9762707039337475,0.9853338509316771
2,2,33,0.7544868158000001,0.5327070393374741,0.6163664596273292,0.6064001035196688,0.6321972049689442
2,2,34,0.5203714563,0.8873550724637682,1.0125103519668737,0.8138638716356108,1.0018090062111802
2,2,35,0.31627264669,0.3031418219461698,0.3781055900621118,0.36148291925465836,0.4282608695652174
2,2,36,0.5808710926,0.5454451345755693,0.6590217391304348,0.6492080745341615,0.7293581780538303
2,2,37,0.47839584999999996,0.7568918219461699,0.8691200828157349,0.7373731884057971,0.8553390269151139
2,2,38,1.0576506072,1.1611231884057973,1.0753416149068324,0.9144435817805384,1.0590113871635611
2,2,39,0.4092810722,0.9508359213250519,0.9682893374741202,0.9219487577639752,0.9383721532091097
2,2,40,0.5540443840999999,0.8145678053830229,0.8764699792960663,0.7314958592132506,0.7359679089026915
2,2,41,0.5205760016,0.5068193581780539,0.5286361283643892,0.4480512422360249,0.522536231884058
2,2,42,0.36961392860000003,0.3815527950310559,0.4264829192546584,0.2829373706004141,0.521407867494824
2,2,43,0.19695605000000002,0.2661490683229814,0.3247929606625259,0.30044254658385094,0.41803312629399586
2,2,44,0.5054513824,0.5386076604554866,0.5491899585921325,0.5296894409937889,0.643100414078675
2,2,45,0.38962924,0.43579451345755693,0.6185973084886129,0.478592132505176,0.5719824016563148
2,2,46,0.27739593770000004,0.533100414078675,0.41253364389233954,0.3826449275362319,0.43390010351966873
2,2,47,0.37953149999999997,0.4200828157349897,0.3795367494824017,0.3981754658385093,0.49803053830227745
3,1,1,0.64826,0.7225465838509317,0.7661257763975156,0.720916149068323,0.809368530020704
3,1,2,0.632142,0.8894565217391305,1.041322463768116,0.889702380952381,0.9257065217391305
3,1,3,0.6396283116,0.9620367494824017,0.7656081780538303,0.8018581780538303,0.8119384057971015
3,1,4,0.7674945,1.01777950310559,0.873095238095238,0.7855486542443064,0.8679736024844721
3,1,5,0.36036950872,0.412675983436853,0.4187292960662526,0.45766563146997935,0.5549767080745343
3,1,6,0.39661955,0.4195962732919255,0.39881987577639755,0.40347049689441,0.4353234989648033
3,1,7,1.1125195,0.6192572463768117,0.6864932712215321,0.6676966873706004,0.6737292960662526
3,1,8,0.4200282,0.43787525879917183,0.5187525879917184,0.5265942028985507,0.5747515527950311
3,1,9,1.0377743272000002,1.0341330227743273,0.8834549689440995,0.8878804347826087,0.8253467908902692
3,1,10,0.973884,1.3154813664596274,0.8040191511387164,0.8240139751552795,0.8692313664596273
3,1,11,0.5838154999999999,0.619526397515528,0.6848654244306419,0.6790838509316771,0.7371402691511388
3,1,12,0.5748595,0.9872800207039338,0.9848706004140787,0.7003674948240166,0.7629451345755695
3,1,13,1.0699866329,0.9012577639751553,0.9167313664596275,0.8201526915113871,0.9874327122153209
3,1,14,0.9351877956,0.6270082815734991,0.6004037267080746,0.6746790890269152,0.7339026915113872
3,1,15,1.4353692717,0.7190993788819876,0.7655253623188406,0.8015398550724637,0.8974249482401656
3,1,16,0.35550806183,0.4542417184265011,0.5763250517598344,0.4966718426501035,0.5217391304347826
3,1,17,0.4535505,0.6722696687370601,0.7432556935817807,0.7570496894409938,0.771037784679089
3,1,18,1.1715079798,0.7293452380952382,0.7493633540372671,0.791498447204969,0.8054399585921325
3,1,19,0.2785662326,0.4731754658385094,0.5649741200828158,0.5100388198757765,0.4919720496894411
3,1,20,0.3448085588,1.0131754658385093,0.9550621118012423,0.7396273291925466,0.8101371635610766
3,1,21,0.3883785,0.38684782608695656,0.3339855072463768,0.34863095238095243,0.4163819875776397
3,1,22,0.9095755,0.8292831262939959,0.8376449275362319,0.7030253623188406,0.8603985507246378
3,1,23,0.28130958669,0.4038483436853002,0.46575051759834374,0.41212732919254663,0.47114389233954457
3,1,24,0.3343188244,0.36430641821946175,0.3745600414078675,0.3505408902691512,0.398276397515528
3,1,25,0.27844735,0.35326345755693583,0.33780279503105587,0.43248447204968943,0.4637189440993789
3,1,26,0.35957330000000004,0.355758281573499,0.32429089026915114,0.36697981366459625,0.469824016563147
3,1,27,0.44639680000000004,0.5331935817805383,0.679363354037267,0.5005175983436854,0.605916149068323
3,1,28,0.5750375,0.9119332298136646,0.9645988612836439,0.7647127329192548,0.9128519668737061
3,1,29,0.29159034664000005,0.32920289855072465,0.2783074534161491,0.2710403726708075,0.3441174948240166
3,1,30,1.1488870666,1.2755486542443066,1.2127924430641823,1.06449016563147,1.1615812629399587
3,1,31,0.689273,0.7673162525879917,0.5017443064182194,0.590794513457557,0.6571195652173913
3,1,32,0.25674539982,0.2734834368530021,0.36898291925465837,0.34017339544513464,0.49975931677018637
3,1,33,0.35794844761,0.4783954451345756,0.6422541407867495,0.5258229813664597,0.5345988612836439
3,1,34,0.886903,0.8941537267080746,0.6824560041407869,0.7781055900621119,0.8478545548654245
3,1,35,1.4699509143999998,0.8524560041407868,0.7856651138716357,0.9251604554865426,0.8861594202898551
3,1,36,0.6750045,0.9213768115942029,0.7523654244306419,0.7637965838509316,0.7910326086956522
3,1,37,1.0722902119,1.2850750517598344,1.0180357142857144,0.7977924430641822,0.7920496894409939
3,1,38,0.4673189,0.5989104554865425,0.5863561076604555,0.49266821946169775,0.5338198757763976
3,1,39,0.37972325,0.47809265010351976,0.5140838509316771,0.5557324016563148,0.5682427536231884
3,1,40,0.41547843630000003,0.974187370600414,1.0453778467908903,0.9904554865424431,1.0639466873706005
3,1,41,0.8654749675,0.8802148033126295,0.8253933747412009,0.7279813664596273,0.7687836438923396
3,1,42,0.5314720476,0.5575621118012423,0.5698473084886129,0.4973706004140787,0.49678571428571433
3,1,43,1.190503,0.918840579710145,0.9393426501035197,0.91152950310559,0.9528519668737061
3,1,44,0.41948619128000003,0.39700569358178056,0.5373524844720498,0.41189440993788823,0.5229347826086957
3,1,45,0.7394109999999999,1.1363561076604556,1.2364363354037269,1.033858695652174,1.1346143892339546
3,1,46,0.3648927736,0.5350051759834369,0.5977018633540373,0.5892003105590062,0.697888198757764
3,1,47,0.30712832952,0.31127070393374745,0.36057971014492757,0.32687629399585927,0.4874482401656315
3,2,1,0.9487334999999999,0.934472049689441,0.8268762939958593,0.8683074534161491,0.9685093167701865
3,2,2,0.6818394999999999,1.2065243271221533,0.9838871635610766,0.717360248447205,0.8928726708074534
3,2,3,0.904513084,0.8266097308488612,1.263457556935818,0.7994746376811595,1.136164596273292
3,2,4,0.8789445,1.0726966873706005,0.8863379917184265,0.816899585921325,0.8338095238095239
3,2,5,0.31202525072,0.3037577639751553,0.40724378881987583,0.40925207039337475,0.5220885093167702
3,2,6,0.2965598,0.3956651138716356,0.47989389233954455,0.4081677018633541,0.49472049689440994
3,2,7,1.086204,0.7637707039337474,0.8412344720496895,0.8005667701863355,0.8684290890269151
3,2,8,0.48617595,0.4926293995859214,0.4368167701863354,0.566607142857143,0.6413457556935819
3,2,9,0.5564309688000001,0.7816459627329193,0.837603519668737,0.7676837474120083,0.8067210144927537
3,2,10,1.3856585,1.328444616977226,1.1017443064182195,0.8714311594202899,0.9163069358178054
3,2,11,0.568315,0.9389622153209111,0.9277950310559007,0.8303907867494824,0.9703234989648033
3,2,12,0.7305965000000001,1.0684808488612836,1.0659368530020705,0.8383152173913044,0.8029399585921325
3,2,13,1.1105276678,1.3925802277432713,1.3037732919254659,1.1863431677018634,1.1644435817805383
3,2,14,1.405720769,0.8633928571428572,0.8390786749482403,0.8450103519668738,0.9448835403726709
3,2,15,1.0915521071,0.6691821946169773,0.6790553830227744,0.7616356107660456,0.8171169772256729
3,2,16,0.3849929735,0.41366459627329194,0.561620082815735,0.5281651138716357,0.5877691511387164
3,2,17,0.620784,1.3203467908902693,1.0728493788819875,0.7865217391304348,0.9040553830227743
3,2,18,0.9719413828000001,0.8759730848861285,0.8416511387163561,0.7534083850931678,0.7963975155279504
3,2,19,0.2162777068,0.3331599378881988,0.3809912008281574,0.37915372670807457,0.48425983436853004
3,2,20,0.3695972992,0.7018090062111801,0.9224560041407869,0.6975025879917184,0.8204632505175984
3,2,21,0.536185,0.4479011387163561,0.43091097308488613,0.3850802277432712,0.5128726708074535
3,2,22,0.7486205,1.135527950310559,1.006475155279503,0.8422437888198758,0.9869513457556937
3,2,23,0.2761083869,0.36960921325051765,0.44404503105590065,0.41539855072463766,0.4501889233954452
3,2,24,0.434022784,0.6373861283643892,0.5473473084886129,0.6091097308488613,0.599101966873706
3,2,25,0.37319515,0.31361542443064183,0.33983436853002075,0.35888975155279507,0.5748887163561077
3,2,26,0.43210255000000003,0.3649249482401657,0.35255175983436854,0.36289078674948244,0.4869772256728779
3,2,27,0.935976,0.7463975155279504,0.9281599378881988,0.9140683229813665,1.0040579710144928
3,2,28,0.5594055,1.1271169772256728,1.1855072463768117,0.9248188405797103,1.128835403726708
3,2,29,0.27474105208,0.29527432712215324,0.3253493788819876,0.3190476190476191,0.4221946169772257
3,2,30,1.0850440328,1.2750802277432711,1.1547179089026915,0.8665269151138717,0.9329347826086957
3,2,31,0.6575765,1.093822463768116,1.193584368530021,1.0270186335403726,1.0968193581780539
3,2,32,0.31847641553,0.3326526915113872,0.4038276397515528,0.35683229813664596,0.43913561076604557
3,2,33,0.6291527925,1.176327639751553,1.187590579710145,1.0850854037267081,1.2371816770186337
3,2,34,1.0320775,0.7530978260869566,0.6790967908902692,0.7555926501035197,0.8063871635610768
3,2,35,1.0456406579000002,0.5776682194616978,0.800036231884058,0.691777950310559,0.7747023809523811
3,2,36,0.6652665000000001,1.2248757763975155,1.1010973084886129,0.9662422360248447,1.017657867494824
3,2,37,0.9972725387,1.1259265010351966,0.7446376811594203,0.8856547619047619,0.9158695652173914
3,2,38,0.47839584999999996,0.7568918219461699,0.8691200828157349,0.7373731884057971,0.8553390269151139
3,2,39,0.4269246,0.7172179089026915,0.8146765010351967,0.6362370600414079,0.7700854037267081
3,2,40,0.4754078626,1.1890217391304347,1.2046376811594204,1.0654218426501034,1.253416149068323
3,2,41,1.1529338586,1.066547619047619,0.7251708074534162,0.7510119047619047,0.7769772256728779
3,2,42,0.5205760016,0.5068193581780539,0.5286361283643892,0.4480512422360249,0.522536231884058
3,2,43,0.968537,1.315005175983437,1.2496609730848862,1.0511231884057972,1.1649767080745341
3,2,44,0.31402363304,0.3599353002070394,0.42737577639751556,0.4512163561076605,0.48328157349896483
3,2,45,0.595496,1.121656314699793,1.1207608695652176,0.9149120082815735,1.0579166666666666
3,2,46,0.36463239820000004,0.5517443064182195,0.6719228778467908,0.5349301242236025,0.5726009316770186
3,2,47,0.3382384728,0.3694306418219462,0.3763250517598344,0.3403209109730849,0.487026397515528
4,1,1,0.4324860588,0.5977924430641822,0.5285429606625259,0.44946428571428576,0.5261154244306419
4,1,2,0.7779119999999999,0.7419875776397516,0.7532013457556935,0.8123498964803313,0.8777846790890269
4,1,3,0.5731878,0.7329114906832299,0.8190113871635611,0.7193555900621118,0.833579192546584
4,1,4,0.7585704,0.9304218426501035,0.8539182194616978,0.7513405797101449,0.8456832298136646
4,1,5,0.9209934,1.2075517598343686,1.2042339544513458,0.9076423395445136,0.9676578674948241
4,1,6,1.0712034,0.6834653209109731,0.8243012422360249,0.7886050724637681,0.8541485507246378
4,1,7,1.3350234,0.7157298136645963,0.705491718426501,0.6532168737060041,0.7297179089026916
4,1,8,0.6171336000000001,0.609932712215321,0.701601966873706,0.6771920289855072,0.7346894409937889
4,1,9,0.6855912,1.0515657349896481,1.077784679089027,0.9036878881987578,0.9775621118012423
4,1,10,0.40848474,0.4162060041407868,0.4105952380952381,0.4471118012422361,0.5713690476190476
4,1,11,0.6898314,0.6490838509316771,0.8178286749482403,0.7235947204968944,0.7753079710144928
4,1,12,0.7827546,0.7736620082815735,0.7167339544513459,0.686268115942029,0.7339156314699793
4,1,13,1.2152090412,0.8317986542443064,0.8562784679089027,0.7089570393374741,0.8698498964803314
4,1,14,0.54539718,0.6677199792960663,0.8354528985507247,0.68620082815735,0.7402355072463768
4,1,15,1.2605004,1.0492701863354037,0.8216589026915114,0.7431909937888199,0.8163742236024846
4,1,16,0.52340964,0.8557531055900622,0.9803002070393375,0.8515010351966874,0.8865553830227744
4,1,17,0.3722637142,0.773154761904762,0.6598861283643892,0.6879891304347826,0.7378260869565217
4,1,18,0.6913017126,1.0172230848861283,1.1575077639751554,0.9162810559006211,0.9311620082815735
4,1,19,1.270779,1.0644979296066253,1.138579192546584,0.9970600414078675,0.9873240165631471
4,1,20,0.4660542,0.5502096273291925,0.44680383022774334,0.41120082815734993,0.4640864389233955
4,1,21,1.0914906,0.8893737060041408,0.7624275362318841,0.7481418219461698,0.8580331262939959
4,1,22,0.35314356,0.4672204968944099,0.45914078674948244,0.3701423395445135,0.5186361283643893
4,1,23,1.0706255879,0.9269487577639752,0.7700336438923396,0.7005797101449276,0.712924430641822
4,1,24,0.7385399094,0.6298680124223602,0.4745212215320911,0.4186024844720497,0.4439311594202899
4,1,25,0.690045,1.0981444099378883,0.7375879917184266,0.683822463768116,0.7144047619047619
4,1,26,0.32210025786,0.3860222567287785,0.43558488612836443,0.3843814699792961,0.42882505175983443
4,1,27,1.3761394534000002,1.3597437888198758,1.1156806418219463,0.9875750517598344,1.0348809523809523
4,1,28,0.8271276,0.846444099378882,0.6000025879917185,0.6253467908902691,0.6819409937888199
4,1,29,0.35755247394,0.3487965838509317,0.43725414078674957,0.4131651138716356,0.5332324016563147
4,1,30,0.54914106,0.8347644927536232,0.7886568322981368,0.6696790890269152,0.6769125258799172
4,1,31,1.0642836,1.043002070393375,0.7281832298136647,0.8426501035196688,0.9717546583850932
4,1,32,1.0230647888,0.9282168737060043,0.7531030020703935,0.7896583850931678,0.8329528985507247
4,1,33,0.9152394,0.7304347826086958,0.8302225672877848,0.7618892339544514,0.824914596273292
4,1,34,0.3781146532,0.48144151138716357,0.37967391304347825,0.43729554865424436,0.4879166666666667
4,1,35,0.8100054000000001,1.2066123188405797,0.7818633540372671,0.7678131469979297,0.7886180124223603
4,1,36,0.3594735858,0.397111801242236,0.33511904761904765,0.3941407867494824,0.5246402691511387
4,1,37,0.56078268,0.6459575569358179,0.6764906832298138,0.6296350931677019,0.6734756728778468
4,1,38,1.5019267069000002,0.5500595238095238,0.5781055900621118,0.5151708074534163,0.597129917184265
4,1,39,0.36018161460000003,0.46206780538302283,0.5331081780538303,0.4744384057971015,0.5342210144927536
4,1,40,1.3392576441000001,0.9360688405797102,0.7887732919254659,0.8119099378881988,0.8493452380952382
4,1,41,1.3972197486,1.1945289855072463,1.1344720496894412,0.9768762939958592,1.0167443064182196
4,1,42,0.5421541368,0.499666149068323,0.6150698757763976,0.689472049689441,0.6717986542443065
4,1,43,0.8153496,0.9134420289855073,0.840654761904762,0.6707013457556936,0.754598861283644
4,1,44,1.4555181693,1.2634187370600416,1.1275025879917184,0.9015502070393375,0.8977096273291926
4,1,45,0.36346913999999997,0.5055590062111802,0.5091123188405797,0.5243814699792961,0.5246350931677018
4,1,46,0.9610871999999999,1.0595056935817806,1.1413793995859214,0.8934601449275363,0.8893478260869566
4,1,47,0.41354801999999996,0.42558747412008285,0.44474896480331266,0.36899327122153214,0.5383954451345756
4,2,1,0.49073767539999996,0.5402587991718427,0.555491718426501,0.47879917184265014,0.5509446169772256
4,2,2,1.1384802,1.0513121118012423,0.8602406832298137,0.8647722567287786,0.8848602484472051
4,2,3,0.49528878,0.8445341614906832,0.974386645962733,0.6679891304347826,0.7352044513457558
4,2,4,0.8182073999999999,0.8578726708074536,0.7975129399585922,0.6942624223602484,0.7707686335403727
4,2,5,1.0547334,1.016304347826087,1.0856935817805384,0.8034187370600414,0.8295910973084886
4,2,6,1.3892994,1.0219616977225674,0.9828260869565218,0.8471790890269152,0.9172774327122153
4,2,7,1.3034448,1.200952380952381,0.8744306418219462,0.802621635610766,0.9385481366459627
4,2,8,0.53380974,1.1342701863354037,1.2285766045548654,0.9827769151138717,0.9500284679089027
4,2,9,0.631878,0.8394875776397516,0.7678053830227743,0.7129684265010352,0.763773291925466
4,2,10,0.6986196,0.9634963768115943,1.0862965838509318,0.8878726708074535,0.9255305383022775
4,2,11,0.8767158,1.4701656314699794,1.219878364389234,0.7744824016563148,0.9080926501035197
4,2,12,0.812697,0.6347282608695652,0.8811878881987578,0.7499301242236026,0.7991589026915115
4,2,13,1.7455650765000001,1.1071066252587993,0.8056832298136646,0.7781573498964804,0.9038690476190476
4,2,14,0.590631,0.591796066252588,0.7043219461697723,0.6108747412008282,0.7152924430641823
4,2,15,0.8051856,0.9175828157349897,0.7999171842650105,0.6711801242236025,0.7338095238095238
4,2,16,0.6095298,0.9129839544513457,1.010302795031056,0.8471687370600415,0.8387629399585922
4,2,17,0.3394785852,0.427305900621118,0.5584472049689441,0.5033074534161491,0.5668271221532091
4,2,18,0.4369174748,0.9489466873706005,1.0101708074534161,0.8207505175983437,0.8839932712215322
4,2,19,1.2368573999999999,1.1862758799171844,0.9801940993788821,0.7179037267080747,0.8837448240165632
4,2,20,0.6434219999999999,0.5191770186335405,0.5485455486542443,0.42354813664596275,0.5611387163561077
4,2,21,0.8983445999999999,1.257256728778468,1.162062629399586,0.96824016563147,1.0772722567287785
4,2,22,0.46008048,0.5379321946169773,0.5115269151138716,0.5054503105590062,0.5838121118012423
4,2,23,1.3235765578,1.0959083850931677,0.9621868530020704,0.8297386128364389,0.8662474120082817
4,2,24,1.5998843064000001,0.934945652173913,0.995370082815735,0.7803416149068323,0.8951940993788821
4,2,25,0.6712866,1.093258281573499,1.25023033126294,0.956692546583851,1.1558100414078676
4,2,26,0.34272496503,0.42800724637681165,0.4117132505175984,0.40257246376811595,0.5054891304347826
4,2,27,1.2996681272000001,1.4630667701863354,1.2349016563147,1.0025077639751554,1.135613354037267
4,2,28,0.7890918,1.0119202898550725,0.910406314699793,0.8241407867494824,0.9592443064182195
4,2,29,0.44352120951,0.3879321946169772,0.5519280538302277,0.43055900621118015,0.47443064182194616
4,2,30,0.965205,1.2202070393374742,1.2037396480331264,1.0338845755693582,1.0044461697722569
4,2,31,1.238493,0.7295859213250517,0.6982556935817805,0.8414570393374742,0.8687965838509316
4,2,32,0.7277509258,0.5185869565217391,0.5824275362318841,0.5913483436853003,0.6149560041407868
4,2,33,1.1973425999999998,1.240357142857143,0.9576319875776398,0.7631599378881988,0.840618530020704
4,2,34,0.3775397668,0.3893607660455487,0.3794202898550725,0.49202380952380953,0.5449767080745342
4,2,35,0.7983198,0.7720522774327123,0.9438302277432713,0.9375,0.9639725672877847
4,2,36,0.3670048368,0.39644409937888203,0.4080383022774327,0.47682712215320916,0.5127639751552795
4,2,37,0.57407502,1.104205486542443,1.1844694616977225,1.042383540372671,1.2026940993788822
4,2,38,1.4831131652000002,1.5058307453416149,1.572505175983437,0.9321428571428572,1.1104632505175984
4,2,39,0.3664349682,0.5977613871635611,0.7048938923395445,0.5700155279503105,0.6613146997929608
4,2,40,1.7573790564,1.2823861283643894,1.0282867494824017,0.8497412008281573,0.8293141821946171
4,2,41,1.7022062386,1.141055900621118,1.0069409937888198,1.1221143892339545,1.3982324016563148
4,2,42,0.47853795179999997,0.6748757763975155,0.7911128364389234,0.6600465838509317,0.6950569358178054
4,2,43,0.7986335999999999,0.8846868530020705,0.9934472049689441,0.7734653209109732,0.8002458592132505
4,2,44,1.0377715600000001,1.0700750517598343,0.9784627329192547,0.8880512422360248,0.9332531055900621
4,2,45,0.38270748,0.3976630434782609,0.38519151138716357,0.44390269151138717,0.46461956521739134
4,2,46,0.9604014000000001,1.2399896480331263,1.1750646997929608,0.8376708074534162,1.1419746376811595
4,2,47,0.4554378,0.6444047619047619,0.5511309523809524,0.5138638716356108,0.5559006211180125
5,1,1,0.74676138,1.0379166666666666,0.8299896480331264,0.7628571428571428,0.8165476190476191
5,1,2,1.04576833,0.5974637681159422,0.6868530020703933,0.672481884057971,0.6475802277432713
5,1,3,0.7199892,0.7707556935817805,0.8865942028985507,0.7485274327122153,0.7661024844720498
5,1,4,0.7998564,0.8998033126293997,0.8228545548654246,0.6919099378881988,0.8086775362318841
5,1,5,1.09460039,1.2685326086956523,1.0390967908902693,0.9514078674948241,0.9285662525879917
5,1,6,0.91545096,1.2015864389233955,0.8644487577639752,0.8028079710144927,0.9623757763975156
5,1,7,0.54878657,0.567463768115942,0.6405227743271221,0.6691821946169773,0.7164156314699793
5,1,8,0.8048033,0.7137965838509317,0.8415036231884058,0.7714725672877847,0.8113742236024845
5,1,9,0.61315777,0.7561620082815735,0.6773343685300207,0.5483695652173913,0.6416304347826087
5,1,10,1.28584433,1.027613871635611,1.0569616977225673,0.9206392339544515,1.007311076604555
5,1,11,1.41618708,0.7213716356107661,0.8126138716356109,0.7568918219461699,0.7791873706004141
5,1,12,0.9873919800000001,0.7226966873706004,0.6881495859213251,0.7154477225672878,0.7888561076604556
5,1,13,0.53987584,1.237644927536232,1.209557453416149,0.8898990683229815,1.0148706004140788
5,1,14,1.8149341132999999,1.0604089026915116,0.9646325051759834,0.8351889233954451,1.1227562111801244
5,1,15,0.8275102681999998,1.2095910973084887,1.1897774327122155,0.9132841614906833,0.9540424430641823
5,1,16,1.3233654000000001,1.250947204968944,1.2554503105590062,0.9160351966873707,1.0123447204968945
5,1,17,1.5927541,1.3582505175983437,1.2643348861283645,0.92921066252588,1.0421894409937889
5,1,18,0.85500097,0.8024456521739131,0.8439466873706004,0.7132453416149069,0.8515320910973085
5,1,19,1.24769161,1.0901656314699795,0.9041537267080746,0.7064648033126295,0.7180486542443065
5,1,20,0.49454069,0.8035403726708075,0.7161206004140788,0.7394668737060043,0.7923395445134577
5,1,21,0.419612992,0.5200258799171843,0.5946506211180125,0.446547619047619,0.5978545548654245
5,1,22,1.02757181,0.887712215320911,0.8070445134575569,0.5648188405797102,0.5953959627329193
5,1,23,0.75696743,0.7639932712215322,0.5244384057971014,0.614174430641822,0.6324896480331264
5,1,24,0.40987933,0.6665993788819876,0.8083928571428571,0.7283825051759835,0.7921273291925466
5,1,25,0.48084918,0.6166485507246378,0.6328933747412009,0.5913690476190476,0.6467494824016563
5,1,26,0.55443395,0.6812474120082815,0.7630926501035197,0.7912085921325053,0.7890553830227744
5,1,27,0.784763,0.631006728778468,0.6345962732919255,0.7400207039337475,0.8138716356107661
5,1,28,1.6037330600000002,1.714521221532091,1.3630590062111803,0.9755900621118013,1.0583747412008282
5,1,29,0.9649821999999999,1.020515010351967,0.6057168737060042,0.657396480331263,0.7410144927536232
5,1,30,0.39142586,0.6199197722567288,0.5744435817805383,0.5489104554865425,0.6292443064182195
5,1,31,1.2416642,1.093786231884058,0.8703209109730848,0.8671972049689441,0.9773706004140787
5,1,32,2.3426755431999995,1.3159912008281576,1.2342572463768116,1.3242365424430642,1.2491356107660456
5,1,33,1.24687428,1.2736594202898552,1.0416019668737062,0.8215036231884058,1.0038612836438925
5,1,34,1.3134611,1.3554089026915115,1.1019798136645964,0.9164544513457558,0.9183592132505176
5,1,35,0.63450423,0.8654761904761906,0.8471454451345756,0.7333178053830228,0.7886620082815735
5,1,36,0.9308943,1.0431832298136647,0.9839855072463768,0.6515786749482402,0.770144927536232
5,1,37,1.4769021500000001,0.9386076604554866,0.7157375776397515,0.7530150103519668,0.8078234989648033
5,1,38,1.7802501377,1.2171454451345756,0.9310093167701864,0.7693193581780539,0.8986645962732921
5,1,39,1.33458286,1.6328726708074535,1.076115424430642,0.8534032091097309,0.9162758799171843
5,1,40,1.6098199721,1.1500051759834369,1.2048214285714287,0.926146480331263,1.0060714285714285
5,1,41,0.8985466,1.0089052795031057,0.8047774327122154,0.7512939958592133,0.8006702898550726
5,1,42,1.04007475,1.160817805383023,0.9282841614906834,0.7757660455486542,0.8179761904761904
5,1,43,0.337997492,0.3391356107660456,0.3879166666666667,0.3583126293995859,0.46188405797101456
5,1,44,1.0412307529,0.8862500000000001,0.7511516563146998,0.5418840579710145,0.7926811594202898
5,1,45,1.69623987,1.2797541407867496,0.9665191511387164,0.8966796066252588,0.9637448240165633
5,2,1,0.84734279,1.4315450310559008,0.9716666666666667,0.7907867494824017,0.7694125258799172
5,2,2,1.02103176,0.6776086956521739,0.801006728778468,0.7981081780538303,0.8744642857142857
5,2,3,0.6227780300000001,0.850442546583851,0.850879917184265,0.7217339544513458,0.8635688405797102
5,2,4,0.737191,0.698682712215321,0.821498447204969,0.7517132505175984,0.7876112836438924
5,2,5,0.58689981,0.8517598343685301,0.8528390269151138,0.7737603519668738,0.7967417184265011
5,2,6,1.30251899,1.3109912008281575,1.130861801242236,0.8685947204968945,0.9387965838509317
5,2,7,0.5342161,0.7965579710144929,0.8329813664596273,0.7780978260869565,0.8907065217391305
5,2,8,1.0228351,1.303268633540373,1.065383022774327,0.9232738095238096,1.0891045548654243
5,2,9,0.63661265,0.9149560041407868,0.9981159420289857,0.7047593167701864,0.7012396480331263
5,2,10,1.33456406,1.5831495859213252,1.1655486542443065,1.043708592132505,0.9948033126293996
5,2,11,2.03425635,0.7980201863354038,0.7533695652173913,0.8286775362318841,0.9556521739130436
5,2,12,0.63072872,0.5781961697722567,0.5843892339544514,0.5440113871635611,0.6566304347826087
5,2,13,0.5853615000000001,0.9615217391304348,1.1784627329192547,0.8796376811594203,0.9520729813664596
5,2,14,1.4350940603999998,1.3332065217391305,0.9803597308488613,0.951097308488613,1.0449844720496895
5,2,15,0.8870010688,0.887851966873706,0.9612862318840579,1.017256728778468,1.0975776397515529
5,2,16,0.9487156000000001,0.6905305383022775,0.7823809523809525,0.7595781573498964,0.8740010351966874
5,2,17,1.3806464,0.6100336438923396,0.6137137681159421,0.7421557971014493,0.7531599378881988
5,2,18,0.70370327,1.0136024844720497,0.9993944099378882,0.7727691511387165,0.9007789855072463
5,2,19,1.54247702,1.068488612836439,0.8443452380952381,0.8136671842650104,0.9173861283643893
5,2,20,0.60128033,0.8941925465838511,0.930776397515528,0.7642960662525881,0.9114751552795032
5,2,21,0.8798174400000001,0.7089958592132506,0.8925698757763976,0.8983540372670809,0.9938457556935818
5,2,22,2.2260083600000002,1.4650750517598345,0.9587836438923396,0.7827173913043479,0.8971920289855073
5,2,23,2.45150684,1.0769849896480332,0.8133799171842652,1.1515760869565217,1.2068892339544515
5,2,24,0.7081375,0.8690838509316772,0.8385973084886129,0.7610377846790891,0.857717391304348
5,2,25,0.51163889,0.5030978260869565,0.5365812629399587,0.5285610766045549,0.6013819875776397
5,2,26,0.7214417000000001,0.9448680124223603,1.0700569358178056,0.7899120082815735,0.8161671842650104
5,2,27,0.8427776,0.7511516563146998,0.7497851966873706,0.565248447204969,0.6766459627329193
5,2,28,1.51461448,1.4328545548654243,1.3537965838509316,1.097893374741201,1.2367184265010354
5,2,29,0.9206071,1.1612474120082816,0.9304761904761906,0.8443426501035197,0.9355046583850932
5,2,30,0.46471131,0.4746765010351967,0.6106237060041408,0.5782091097308488,0.6503079710144928
5,2,31,1.4449085,0.785388198757764,0.7272800207039338,0.9120936853002071,0.9132401656314699
5,2,32,1.6664480237,0.9994202898550725,0.7364156314699793,0.8781599378881989,0.9065993788819876
5,2,33,1.2280912,1.0475129399585923,1.0178907867494824,0.7854503105590063,0.8899042443064182
5,2,34,0.9854466999999999,1.3348964803312628,1.4040605590062112,1.1367417184265012,1.0999301242236026
5,2,35,0.6253505100000001,1.1374430641821947,1.0925957556935817,0.9385093167701863,1.0055227743271222
5,2,36,0.8249898999999999,0.9819021739130435,0.7542236024844722,0.7409420289855073,0.7960533126293997
5,2,37,2.12784275,1.5836387163561079,1.3235093167701864,0.9821868530020704,1.0384109730848863
5,2,38,2.3360511107999997,1.3508152173913046,1.1900155279503106,0.9012758799171843,0.8762500000000001
5,2,39,1.49752152,1.7409782608695654,1.0290942028985508,1.0093167701863355,1.1292701863354038
5,2,40,1.4839813118,1.3323783643892342,1.0587810559006212,0.9671428571428572,1.1579994824016564
5,2,41,1.0903802,1.2015191511387164,0.9370885093167702,0.7836464803312629,0.9478674948240166
5,2,42,1.3855252200000001,1.3730564182194618,0.9064130434782609,0.7636076604554866,0.8235326086956523
5,2,43,0.75997355,0.8029089026915115,0.7073214285714287,0.7189855072463768,0.7237292960662526
5,2,44,1.0113273121,0.9898162525879917,1.1598913043478263,0.8994384057971015,0.9127769151138717
5,2,45,1.209404,1.2162862318840582,1.0928700828157352,0.9468633540372671,0.9608566252587992
