1,1,1,0.00107218,0.000532443,0.000421576,0.000148655
1,1,2,0.000934261,0.00063059,0.000419662,0.000215945
1,1,3,0.00227907,0.00137462,0.000693579,0.000223141
1,1,4,0.0018525,0.00129358,0.000688791,0.000136664
1,1,5,0.00221366,0.00172804,0.000855737,0.000199383
1,1,6,0.00209549,0.00150866,0.000844796,0.000279115
1,1,7,0.00175493,0.00124395,0.000644177,0.000115978
1,1,8,0.0025768,0.0017859,0.000982662,0.000190801
1,1,9,0.000775428,0.000587537,0.000334884,0.000149398
1,1,10,0.0016511,0.000957835,0.000735286,0.000309221
1,1,11,0.00138183,0.000949511,0.000411225,0.000132767
1,1,12,0.00195888,0.00128846,0.000822268,0.00029279
1,1,13,0.00123971,0.000721509,0.000461667,0.00010805
1,1,14,0.00210564,0.00158111,0.000816817,0.000151639
1,1,15,0.00278288,0.00213385,0.000920031,0.000288366
1,1,16,0.00167598,0.00180562,0.000425495,0.000219847
1,1,17,0.0018026,0.00130945,0.000658877,0.000113252
1,1,18,0.00182905,0.00125809,0.000444625,0.000171662
1,1,19,0.00179813,0.00117275,0.000586897,0.000142485
1,1,20,0.00314017,0.00211675,0.00106614,0.000187765
1,1,21,0.00271577,0.00189727,0.0010056,0.00019913
1,1,22,0.00291749,0.00205952,0.0010228,0.00017867
1,1,23,0.000785307,0.000628419,0.000436604,0.000252876
1,1,24,0.00210637,0.0015825,0.000841117,0.000138587
1,1,25,0.00196938,0.00144585,0.000874032,0.000189904
1,1,26,0.00281124,0.00185249,0.000913767,0.000150191
1,1,27,0.00179837,0.00135766,0.000696304,0.000111172
1,1,28,0.00257408,0.00181879,0.000950138,0.000161002
1,1,29,0.00223908,0.00161024,0.000905153,0.000186271
1,1,30,0.00107421,0.00061786,0.000440105,0.000243069
1,1,31,0.00120783,0.00090219,0.000354806,0.000205425
1,1,32,0.00113484,0.000733751,0.000423944,0.000166731
1,1,33,0.00199281,0.00146092,0.000597617,0.000262514
1,1,34,0.0016158,0.000776012,0.000572647,8.94447e-05
1,1,35,0.00105682,0.00207775,0.000437216,0.000229865
1,1,36,0.00193387,0.00142779,0.000839664,0.000212953
1,1,37,0.00212978,0.00158682,0.000775375,0.00018253
1,1,38,0.00189106,0.00152948,0.000774279,0.000153938
1,1,39,0.000718174,0.000538322,0.000322365,0.000181695
1,1,40,0.00163926,0.00109343,0.000605873,0.00034929
1,1,41,0.000726337,0.000546955,0.000330058,0.000245973
1,1,42,0.00195571,0.00140055,0.000756928,0.000147726
1,1,43,0.000923904,0.000689171,0.000401176,8.33311e-05
1,1,44,0.00199979,0.00155268,0.000910207,0.000195511
1,1,45,0.00303234,0.00106585,0.000702109,0.000306641
1,1,46,0.00199595,0.00149314,0.00053964,0.000172286
1,1,47,0.00228875,0.00174364,0.000677665,0.000168925
1,1,48,0.00121267,0.00100919,0.000589671,0.000143405
1,1,49,0.00205934,0.00162618,0.00080028,0.000137932
1,1,50,0.00265344,0.00184821,0.000840632,0.000196944
1,1,51,0.00288648,0.00198501,0.00101999,0.000203361
1,1,52,0.00260379,0.00186223,0.000616699,0.000216975
1,1,53,0.000870807,0.000689,0.000338459,0.000152325
1,1,54,0.0026562,0.00187322,0.000955211,0.000160346
1,1,55,0.00186362,0.00138159,0.000703735,0.000114268
1,1,56,0.00279643,0.00192287,0.00108491,0.000187506
1,1,57,0.00162083,0.00116354,0.000646838,0.000132125
1,1,58,0.00266051,0.00176261,0.00094116,0.000172288
1,1,59,0.00206589,0.00159091,0.00080051,0.000175947
1,1,60,0.00119051,0.000649616,0.000357492,8.96457e-05
1,2,1,0.000446111,0.000435505,0.000434725,0.000325783
1,2,2,0.000777755,0.000250693,0.000302942,0.000201621
1,2,3,0.0010139,0.000548644,0.000408317,0.000273968
1,2,4,0.000759104,0.00047254,0.000369332,0.00010528
1,2,5,0.00084259,0.000604295,0.000468292,0.000273559
1,2,6,0.000977101,0.000480409,0.00057944,0.000278065
1,2,7,0.000987479,0.000655854,0.000529969,0.000305419
1,2,8,0.00106982,0.000660506,0.000442873,0.000229436
1,2,9,0.000493418,0.000314767,0.00028381,0.00020058
1,2,10,0.000850967,0.000412026,0.00057717,0.000565676
1,2,11,0.000700527,0.000602446,0.000434902,0.000275036
1,2,12,0.000973721,0.000474964,0.000476334,0.00018694
1,2,13,0.000656726,0.000420254,0.000335853,0.000120238
1,2,14,0.00125915,0.000532213,0.000385678,0.000207886
1,2,15,0.00107188,0.000812505,0.000629949,0.000380083
1,2,16,0.000677634,0.000542507,0.00051317,0.000316261
1,2,17,0.000871903,0.000509782,0.000611938,0.00019991
1,2,18,0.000842419,0.000459625,0.000247362,0.000177213
1,2,19,0.00118013,0.000387135,0.000329904,0.000221654
1,2,20,0.00136067,0.000637849,0.000464808,0.000175893
1,2,21,0.00109398,0.000520703,0.000379413,0.000252075
1,2,22,0.00119325,0.000642909,0.000494799,0.00028368
1,2,23,0.000453857,0.000236356,0.000215214,0.000160864
1,2,24,0.00127664,0.000445222,0.000303184,0.00017763
1,2,25,0.000850196,0.000472065,0.000358818,0.000168136
1,2,26,0.00127492,0.000522681,0.000369226,0.000213603
1,2,27,0.000664126,0.000414968,0.000334535,0.000204823
1,2,28,0.00117518,0.000537783,0.000398726,0.000212748
1,2,29,0.00123121,0.000665994,0.000445896,0.000261237
1,2,30,0.00059266,0.000274277,0.000270044,9.83507e-05
1,2,31,0.00044393,0.000284048,0.000258202,0.000219129
1,2,32,0.000544651,0.000261751,0.000266154,0.000338331
1,2,33,0.0011355,0.000426616,0.000351932,0.000262758
1,2,34,0.00114151,0.000442518,0.000338165,0.000172416
1,2,35,0.000888755,0.00054268,0.000495658,0.000305522
1,2,36,0.00114125,0.000411371,0.00040856,0.000346834
1,2,37,0.000723103,0.000319933,0.000265229,0.000145784
1,2,38,0.00104364,0.000666468,0.00050419,0.000196169
1,2,39,0.000572611,0.000295325,0.000224237,0.000186551
1,2,40,0.00100726,0.000576355,0.000571912,0.000394392
1,2,41,0.000859395,0.000267645,0.000241853,0.000190835
1,2,42,0.0010528,0.00052535,0.00053045,0.000345304
1,2,43,0.000690011,0.000460707,0.00037311,0.000119859
1,2,44,0.00106777,0.000418759,0.000349102,0.000203674
1,2,45,0.00157071,0.000804925,0.000706674,0.000418888
1,2,46,0.000743304,0.000489448,0.000397904,0.000282664
1,2,47,0.00100318,0.000344237,0.000373037,0.000120481
1,2,48,0.00135888,0.000423045,0.000350197,0.000230704
1,2,49,0.000928183,0.000484936,0.000371848,0.000175841
1,2,50,0.00166918,0.000513842,0.000377362,0.000246239
1,2,51,0.00129798,0.000645643,0.000507986,0.000218227
1,2,52,0.000972348,0.000732991,0.000583963,0.000357201
1,2,53,0.000565077,0.000567029,0.000448889,0.000283964
1,2,54,0.00115588,0.000493007,0.000409331,0.000163978
1,2,55,0.00102628,0.00054697,0.000565095,0.000228827
1,2,56,0.00129271,0.00041478,0.000355764,0.000184695
1,2,57,0.000946475,0.000386669,0.000512896,0.000130696
1,2,58,0.00136748,0.000410128,0.000336852,0.000225618
1,2,59,0.00131804,0.000606741,0.000496583,0.000326759
1,2,60,0.000567645,0.00054908,0.00043662,0.00027259
2,1,1,0.0021035,0.00158359,0.000834591,0.000266224
2,1,2,0.00146152,0.00103563,0.000651489,0.000393483
2,1,3,0.00341477,0.00269757,0.00084236,0.000389754
2,1,4,0.00488874,0.00374284,0.00140041,0.000492021
2,1,5,0.0025828,0.00185202,0.00103458,0.000202757
2,1,6,0.00173101,0.00144844,0.000631195,0.000421024
2,1,7,0.00178604,0.00126989,0.000667688,0.000433102
2,1,8,0.00256876,0.00196348,0.00118192,0.000858119
2,1,9,0.00343158,0.00131688,0.00114722,0.000559325
2,1,10,0.00182109,0.0010363,0.000531586,0.000294886
2,1,11,0.00275491,0.00201962,0.00100873,0.000268642
2,1,12,0.00205518,0.0013783,0.00087555,0.000274953
2,1,13,0.00199697,0.00166278,0.00101214,0.00035114
2,1,14,0.00294848,0.00237288,0.000725799,0.00030652
2,1,15,0.00222485,0.0016024,0.000778756,0.000370103
2,1,16,0.00387148,0.00252307,0.00121335,0.000567693
2,1,17,0.00302646,0.00217709,0.000808994,0.000276595
2,1,18,0.00374313,0.00132242,0.000858791,0.000398262
2,1,19,0.00155092,0.00116141,0.000796579,0.000503698
2,1,20,0.00181522,0.00104424,0.000394403,0.000314002
2,1,21,0.00320974,0.00230641,0.000969963,0.000351883
2,1,22,0.00259727,0.00187601,0.00097369,0.000163681
2,1,23,0.00309343,0.00173843,0.00106513,0.000275759
2,1,24,0.00214341,0.00161806,0.00087377,0.000137969
2,1,25,0.00277379,0.00192279,0.000966227,0.000196428
2,1,26,0.00229791,0.00176168,0.000900553,0.000271423
2,1,27,0.00292676,0.00119499,0.000610877,0.000375582
2,1,28,0.00101611,0.000762376,0.000531098,0.000296217
2,1,29,0.00121623,0.00239788,0.000862478,0.000263664
2,1,30,0.00325616,0.00190391,0.00105283,0.000310885
2,1,31,0.00226068,0.00163488,0.000655114,0.000345415
2,1,32,0.00144051,0.000969384,0.000566803,0.000341807
2,1,33,0.0038174,0.00288048,0.000735025,0.000456768
2,1,34,0.00441175,0.00329656,0.00105541,0.000464707
2,1,35,0.00238716,0.00182132,0.000608778,0.000222018
2,1,36,0.00130529,0.00100426,0.000882904,0.000339335
2,1,37,0.0024327,0.00179388,0.000894312,0.000175591
2,1,38,0.00212879,0.00140913,0.000851542,0.000315058
2,1,39,0.00127007,0.00187776,0.000599151,0.000359711
2,1,40,0.00125763,0.000896962,0.000447831,0.00032973
2,1,41,0.00305069,0.00219451,0.00069882,0.000250719
2,1,42,0.00199412,0.00139839,0.000921689,0.000522628
2,1,43,0.00292995,0.00205148,0.00103499,0.000417817
2,1,44,0.00233913,0.00172696,0.000933944,0.000209328
2,1,45,0.00273089,0.00202551,0.00112779,0.000203902
2,1,46,0.0021159,0.00164106,0.00082593,0.000374374
2,1,47,0.00217638,0.0016573,0.000910193,0.00022151
2,1,48,0.00254771,0.00189359,0.00078057,0.000491528
2,1,49,0.00177215,0.000562227,0.000404581,0.000325577
2,1,50,0.000997354,0.000755181,0.000624078,0.000362263
2,1,51,0.00378751,0.00272782,0.00144323,0.000428159
2,1,52,0.00306805,0.00181473,0.00113363,0.000208439
2,1,53,0.00240685,0.0015627,0.00085627,0.000455819
2,1,54,0.00185342,0.00138327,0.000745594,0.000137359
2,1,55,0.00400375,0.00163502,0.00141557,0.000503667
2,1,56,0.00188221,0.0013953,0.000927431,0.000621495
2,1,57,0.00267383,0.00197613,0.00102371,0.000329855
2,1,58,0.00124798,0.000851927,0.000504386,0.000223108
2,1,59,0.003076,0.00103535,0.000698168,0.000267291
2,1,60,0.00316764,0.00208249,0.000727715,0.000246139
2,2,1,0.000772127,0.000688667,0.000584819,0.000542042
2,2,2,0.000836902,0.00076739,0.000648165,0.000444212
2,2,3,0.00161535,0.00159875,0.00101305,0.000706174
2,2,4,0.00177718,0.00110318,0.000831396,0.000543665
2,2,5,0.00080965,0.000928758,0.000750215,0.000505642
2,2,6,0.000676948,0.00054165,0.000418454,0.00029447
2,2,7,0.00120888,0.000655288,0.000389014,0.000235986
2,2,8,0.00104178,0.000565185,0.000416753,0.000379661
2,2,9,0.000950492,0.000758161,0.000580357,0.000312917
2,2,10,0.000763212,0.000402838,0.000409947,0.000316404
2,2,11,0.000995309,0.000871403,0.000771902,0.000517455
2,2,12,0.00165877,0.00133075,0.000897803,0.000636707
2,2,13,0.00180287,0.00127341,0.00092135,0.000633299
2,2,14,0.000935934,0.000715863,0.000421715,0.0002616
2,2,15,0.00156118,0.00056853,0.000521255,0.000243685
2,2,16,0.00114018,0.000858623,0.000737948,0.000463118
2,2,17,0.0012387,0.000692565,0.000652437,0.000438081
2,2,18,0.00100356,0.000935843,0.000782008,0.000595801
2,2,19,0.000424174,0.000409869,0.000514089,0.000466562
2,2,20,0.000904284,0.000898281,0.000711319,0.000444767
2,2,21,0.0015824,0.000859758,0.00101886,0.000518894
2,2,22,0.00113488,0.000538508,0.000468123,0.000298592
2,2,23,0.00143401,0.0009941,0.00104057,0.000552709
2,2,24,0.00103623,0.000588128,0.000490202,0.000143648
2,2,25,0.00230755,0.00174179,0.0010386,0.000768324
2,2,26,0.0014573,0.0015891,0.000989242,0.000701987
2,2,27,0.000905622,0.000863724,0.000652248,0.000405902
2,2,28,0.00100959,0.000567644,0.000461918,0.000268312
2,2,29,0.00129827,0.000894974,0.000736421,0.000431174
2,2,30,0.00134069,0.000585778,0.000498088,0.000307139
2,2,31,0.0012021,0.000422405,0.000379634,0.000292798
2,2,32,0.000884164,0.000894756,0.000731294,0.000418802
2,2,33,0.00150057,0.00127904,0.000972004,0.000718839
2,2,34,0.00210122,0.00175226,0.000986113,0.000709393
2,2,35,0.00139972,0.000721484,0.000615208,0.000404566
2,2,36,0.00107644,0.000592189,0.000575287,0.000295636
2,2,37,0.000943703,0.000873784,0.000752673,0.000543979
2,2,38,0.00103611,0.00100883,0.00109085,0.00151825
2,2,39,0.0013304,0.00161598,0.00132923,0.000888815
2,2,40,0.00144091,0.000581603,0.000467046,0.000366927
2,2,41,0.00128742,0.000685217,0.000542735,0.000310436
2,2,42,0.00128396,0.000654581,0.000520505,0.000350028
2,2,43,0.00217012,0.00099941,0.000786778,0.000448152
2,2,44,0.00122241,0.00117425,0.000870349,0.000628636
2,2,45,0.00133033,0.000791953,0.000695756,0.000382421
2,2,46,0.00408691,0.00367052,0.0014489,0.000666387
2,2,47,0.00103297,0.00077286,0.000653192,0.000406378
2,2,48,0.0015725,0.000655587,0.000748247,0.000549273
2,2,49,0.000818925,0.000810766,0.000657414,0.000431168
2,2,50,0.000763007,0.00056782,0.000442338,0.000310864
2,2,51,0.00102638,0.000987726,0.000881858,0.000618364
2,2,52,0.00132891,0.00047421,0.000411807,0.000263456
2,2,53,0.0011916,0.000896316,0.000731921,0.000482835
2,2,54,0.00114755,0.000586592,0.000419387,0.000205715
2,2,55,0.0012579,0.000580358,0.000419274,0.000255571
2,2,56,0.00113445,0.000609091,0.000476307,0.000327664
2,2,57,0.00091714,0.000876926,0.00074735,0.000536971
2,2,58,0.000833644,0.000595066,0.000465097,0.000369433
2,2,59,0.00113331,0.000842224,0.000675532,0.000380284
2,2,60,0.00179243,0.000953217,0.000749089,0.000439784
3,1,1,0.000981082,0.00090754,0.000833956,0.000564697
3,1,2,0.00317395,0.00228136,0.000724188,0.000271135
3,1,3,0.00217684,0.00189042,0.000948587,0.000236769
3,1,4,0.00340725,0.00160325,0.00133261,0.000396408
3,1,5,0.00127061,0.000890873,0.00058385,0.000354918
3,1,6,0.00136633,0.00123301,0.000525283,0.000340988
3,1,7,0.00318155,0.00190395,0.000929895,0.000691197
3,1,8,0.00347342,0.0022469,0.000971801,0.000536557
3,1,9,0.00638369,0.00448424,0.00209622,0.000758195
3,1,10,0.00399343,0.00251722,0.00122413,0.000654499
3,1,11,0.00216392,0.00169921,0.000851549,0.000197887
3,1,12,0.00150559,0.00125779,0.000919109,0.000612569
3,1,13,0.00110553,0.000853319,0.00081113,0.000595306
3,1,14,0.004474,0.00211857,0.00116138,0.000685534
3,1,15,0.00186435,0.00139479,0.000754322,0.000436318
3,1,16,0.00481448,0.0032829,0.000991386,0.000698942
3,1,17,0.00210561,0.00170436,0.000933187,0.000182998
3,1,18,0.00287267,0.00184461,0.000917365,0.000511046
3,1,19,0.00319403,0.00211709,0.000678056,0.000718922
3,1,20,0.00147788,0.00116871,0.00086904,0.000595489
3,1,21,0.00296372,0.00206988,0.000555181,0.000260086
3,1,22,0.00194549,0.00173638,0.000847,0.000538002
3,1,23,0.00409113,0.000928895,0.000720299,0.000416874
3,1,24,0.00388988,0.00292505,0.00105707,0.000342146
3,1,25,0.00463345,0.00327771,0.00123169,0.000352982
3,1,26,0.00351318,0.00187731,0.000938783,0.000506546
3,1,27,0.00487307,0.00260164,0.00117728,0.000520829
3,1,28,0.0018702,0.000946964,0.00107921,0.000902751
3,1,29,0.00362253,0.00260415,0.00124908,0.00030236
3,1,30,0.00171635,0.0011969,0.000495832,0.000244312
3,1,31,0.00144813,0.00126299,0.00098518,0.000637489
3,1,32,0.00253633,0.00163587,0.000938055,0.000674795
3,1,33,0.0019895,0.00174534,0.000723626,0.00018422
3,1,34,0.0029365,0.0019734,0.000688356,0.000267438
3,1,35,0.00113982,0.00102783,0.00101625,0.000813457
3,1,36,0.00188676,0.00052372,0.000425796,0.000330476
3,1,37,0.00405598,0.00229396,0.00102416,0.000401629
3,1,38,0.00483319,0.00353787,0.00131965,0.000587766
3,1,39,0.00262383,0.0017417,0.00108749,0.000467282
3,1,40,0.00460945,0.00349607,0.000819301,0.000470428
3,1,41,0.00182208,0.0014932,0.000771997,0.000155668
3,1,42,0.00177772,0.0013003,0.000831848,0.000497973
3,1,43,0.00149965,0.00118296,0.000846614,0.000569114
3,1,44,0.0050442,0.0031862,0.00175893,0.000651979
3,1,45,0.00172393,0.00132314,0.000834209,0.00049452
3,1,46,0.00430851,0.00213913,0.00133079,0.000415949
3,1,47,0.0013361,0.00095149,0.000854037,0.000523971
3,1,48,0.00427376,0.00251172,0.00104488,0.000640902
3,1,49,0.00277676,0.00225482,0.000759161,0.000930399
3,1,50,0.000876786,0.000677809,0.000574834,0.000342405
3,1,51,0.00225757,0.00156577,0.000947473,0.0005977
3,1,52,0.0027392,0.00198503,0.000913715,0.00058024
3,1,53,0.00423963,0.0027576,0.00120565,0.000595089
3,1,54,0.0034801,0.00185313,0.000904347,0.000411309
3,1,55,0.00425742,0.00293042,0.00139303,0.00034947
3,1,56,0.00473186,0.0034949,0.00132859,0.000556946
3,1,57,0.0049583,0.00258009,0.0011043,0.000512315
3,1,58,0.00178599,0.00120918,0.00103793,0.00061523
3,1,59,0.00325845,0.00227208,0.000802887,0.00050456
3,1,60,0.00177685,0.00113095,0.000735858,0.000416125
3,2,1,0.00133387,0.00158293,0.00110738,0.000795793
3,2,2,0.00268059,0.0022673,0.00128659,0.000883911
3,2,3,0.000849773,0.000660963,0.00055996,0.000337628
3,2,4,0.000841931,0.000724019,0.00067938,0.000437525
3,2,5,0.000906788,0.000894343,0.00093697,0.000890756
3,2,6,0.000564441,0.000592776,0.000513589,0.000373698
3,2,7,0.00214063,0.00192454,0.00114528,0.000862835
3,2,8,0.00451634,0.00333265,0.00137014,0.000754514
3,2,9,0.00299708,0.00230857,0.00108118,0.000736869
3,2,10,0.00344758,0.00159024,0.000904968,0.000631664
3,2,11,0.00114921,0.000495801,0.000361789,0.000202083
3,2,12,0.00127925,0.00126927,0.000926855,0.000611441
3,2,13,0.00137082,0.00156527,0.000979823,0.000662733
3,2,14,0.00586061,0.00425313,0.00172636,0.000794158
3,2,15,0.00112945,0.00137484,0.000923546,0.000578006
3,2,16,0.00272447,0.00205618,0.000821592,0.000543213
3,2,17,0.000921985,0.00101406,0.000850733,0.000516456
3,2,18,0.00314258,0.00249275,0.00117411,0.000820134
3,2,19,0.00153914,0.000839772,0.000722316,0.00102141
3,2,20,0.000770074,0.000829559,0.000697151,0.000410237
3,2,21,0.00236083,0.00212133,0.00111558,0.000783038
3,2,22,0.00283271,0.0029572,0.00125488,0.000876373
3,2,23,0.00346346,0.00309479,0.00156966,0.000899207
3,2,24,0.000998203,0.000968388,0.00088469,0.000780479
3,2,25,0.00169877,0.00167088,0.00100264,0.000724852
3,2,26,0.00299968,0.00213779,0.000888595,0.000551448
3,2,27,0.00538222,0.00388003,0.00168515,0.000705781
3,2,28,0.000910272,0.000848217,0.00100807,0.000739236
3,2,29,0.00169527,0.00140805,0.00086233,0.000580574
3,2,30,0.0010149,0.000804483,0.000707277,0.000528647
3,2,31,0.00102476,0.00107666,0.000931247,0.00064637
3,2,32,0.00103304,0.000720532,0.000566761,0.000430153
3,2,33,0.000847417,0.000951779,0.000769758,0.000544878
3,2,34,0.00125979,0.00105962,0.000906833,0.000609668
3,2,35,0.000787833,0.000476095,0.00037137,0.000436615
3,2,36,0.0011893,0.000436464,0.000420339,0.000445926
3,2,37,0.00183588,0.00202163,0.00112869,0.00075757
3,2,38,0.00260164,0.00185475,0.0010079,0.000713439
3,2,39,0.0066047,0.00538387,0.00314678,0.000913369
3,2,40,0.00467703,0.00373623,0.00152328,0.000721742
3,2,41,0.00115341,0.000728946,0.000589386,0.000323334
3,2,42,0.00157701,0.00160223,0.0010403,0.000756202
3,2,43,0.00107134,0.00105382,0.000916565,0.000690408
3,2,44,0.00475629,0.00320516,0.0013757,0.000666397
3,2,45,0.000878265,0.000696646,0.000882556,0.000399801
3,2,46,0.00508521,0.00383198,0.00152447,0.00079168
3,2,47,0.00119284,0.000406511,0.000379407,0.000244435
3,2,48,0.00290858,0.00162797,0.000975851,0.000636943
3,2,49,0.00123238,0.000906497,0.000697167,0.00105906
3,2,50,0.00141583,0.00154723,0.000958083,0.00071544
3,2,51,0.00112769,0.00111503,0.00087188,0.000656632
3,2,52,0.00143805,0.00147099,0.000973658,0.000648184
3,2,53,0.00185118,0.00177109,0.00105758,0.000723473
3,2,54,0.0012081,0.00125298,0.00101159,0.000714766
3,2,55,0.00155714,0.00160529,0.000942166,0.000698172
3,2,56,0.00359042,0.00226661,0.00125074,0.000615055
3,2,57,0.00444367,0.00301109,0.00139444,0.000608725
3,2,58,0.00122256,0.00117508,0.00130997,0.00117461
3,2,59,0.00113484,0.000981638,0.000797008,0.000560563
3,2,60,0.000916489,0.000535993,0.000387739,0.00037754
4,1,1,0.0041172,0.00243132,0.000980378,0.000601565
4,1,2,0.00316645,0.00220091,0.000820166,0.000318417
4,1,3,0.00355116,0.00144787,0.000844862,0.000597493
4,1,4,0.00352172,0.00171942,0.0010989,0.000492331
4,1,5,0.00196662,0.00149874,0.0012561,0.000854319
4,1,6,0.00455285,0.00337061,0.00144357,0.000548251
4,1,7,0.00370017,0.00158514,0.000881296,0.000529572
4,1,8,0.00282373,0.001858,0.00143918,0.00040865
4,1,9,0.00419612,0.00194878,0.000860439,0.000533046
4,1,10,0.0035884,0.00273264,0.00137043,0.000722078
4,1,11,0.00380281,0.00241994,0.00111039,0.000589625
4,1,12,0.00203019,0.00154851,0.00115329,0.000819523
4,1,13,0.00590451,0.0032667,0.00149371,0.000587823
4,1,14,0.00306147,0.00195914,0.000855329,0.000280992
4,1,15,0.00422186,0.00149462,0.000897865,0.000566409
4,1,16,0.00081282,0.00090824,0.00103346,0.000752891
4,1,17,0.00481656,0.00289881,0.00144181,0.000717114
4,1,18,0.00440677,0.00147214,0.00121493,0.000552729
4,1,19,0.00340608,0.00261342,0.000927079,0.000648074
4,1,20,0.00459816,0.00261541,0.00123581,0.000657758
4,1,21,0.00260082,0.00184353,0.000908078,0.000765296
4,1,22,0.00883893,0.00693362,0.00362886,0.000952633
4,1,23,0.00315461,0.00232444,0.000928242,0.000420813
4,1,24,0.00144127,0.000952263,0.000781501,0.00053893
4,1,25,0.00232407,0.00127191,0.00082635,0.000553824
4,1,26,0.00232063,0.00183274,0.00116373,0.000784044
4,1,27,0.00400754,0.00271502,0.00131551,0.000315973
4,1,28,0.00471015,0.00210984,0.00133498,0.000652322
4,1,29,0.0029808,0.00204141,0.000732506,0.000315918
4,1,30,0.00264432,0.00212784,0.000867831,0.000403642
4,1,31,0.00450425,0.00218005,0.00131821,0.000663919
4,1,32,0.00396034,0.00177706,0.000841569,0.000518049
4,1,33,0.00313301,0.00150477,0.000858166,0.000387136
4,1,34,0.00410861,0.00358872,0.00191511,0.000395622
4,1,35,0.00187245,0.00153234,0.00101862,0.00064302
4,1,36,0.00407806,0.00280176,0.0015927,0.000696189
4,1,37,0.00250381,0.00155404,0.000953032,0.000639276
4,1,38,0.00326234,0.00219669,0.00139792,0.00109256
4,1,39,0.00410376,0.00204053,0.000815784,0.000547297
4,1,40,0.00342869,0.00242584,0.00104884,0.000530118
4,1,41,0.0060778,0.00311176,0.00147483,0.000677954
4,1,42,0.00232444,0.00196027,0.00137259,0.000678501
4,1,43,0.00878692,0.00693789,0.00424695,0.00109729
4,1,44,0.00339495,0.00260359,0.000938417,0.000331099
4,1,45,0.00298086,0.00160728,0.00102997,0.000575562
4,1,46,0.00066591,0.000710512,0.000693759,0.000417294
4,1,47,0.00489268,0.00248633,0.00154281,0.000635682
4,1,48,0.00391129,0.00190617,0.00117809,0.000616731
4,1,49,0.00267986,0.00195829,0.000932902,0.000663277
4,1,50,0.00655038,0.00492431,0.00208212,0.000748212
4,1,51,0.00457032,0.00369794,0.00153934,0.000695988
4,1,52,0.00346078,0.00240141,0.000829257,0.000488533
4,1,53,0.00379382,0.00242452,0.00131856,0.000561001
4,1,54,0.000905336,0.00136135,0.000930079,0.000619687
4,1,55,0.00251581,0.00203664,0.0014355,0.000768251
4,1,56,0.00681442,0.00501642,0.00199272,0.000721191
4,1,57,0.00391787,0.00259009,0.00141509,0.00029312
4,1,58,0.00533064,0.00364574,0.00152413,0.00072797
4,1,59,0.00296617,0.00209479,0.000862378,0.000310938
4,1,60,0.00296081,0.00207295,0.000926762,0.000585598
4,2,1,0.00275344,0.00228528,0.0010908,0.000811785
4,2,2,0.00202509,0.00227915,0.0013535,0.000920689
4,2,3,0.00180208,0.00147135,0.000835452,0.000567897
4,2,4,0.00153035,0.00197464,0.00120257,0.000761508
4,2,5,0.00173916,0.00183355,0.00112474,0.000800394
4,2,6,0.00355933,0.00279368,0.00145361,0.000860802
4,2,7,0.00289341,0.00201172,0.0010854,0.000809846
4,2,8,0.00153117,0.000994108,0.00142451,0.00191186
4,2,9,0.00160663,0.0016052,0.00105087,0.000756287
4,2,10,0.00260063,0.00199195,0.000980549,0.000664236
4,2,11,0.00647158,0.00485487,0.00234541,0.000865721
4,2,12,0.00192382,0.00203268,0.00118767,0.00092652
4,2,13,0.00848251,0.00696393,0.00450554,0.0012543
4,2,14,0.00154352,0.000803721,0.000704846,0.000426925
4,2,15,0.00147618,0.00134755,0.000963907,0.000710752
4,2,16,0.000581612,0.000707289,0.000666978,0.000456455
4,2,17,0.00585539,0.00414794,0.00185156,0.000814537
4,2,18,0.00259649,0.00195188,0.00104093,0.000778268
4,2,19,0.00195358,0.00188221,0.00103094,0.000776343
4,2,20,0.00751963,0.00607869,0.00369125,0.0010476
4,2,21,0.00348921,0.00289377,0.00202589,0.000853699
4,2,22,0.00304363,0.00170983,0.000961459,0.000666101
4,2,23,0.00453098,0.00280053,0.0013393,0.000722026
4,2,24,0.000811249,0.000837775,0.000825484,0.000642366
4,2,25,0.00282431,0.00219065,0.00142891,0.000835836
4,2,26,0.00705698,0.00522089,0.00246037,0.000831249
4,2,27,0.0012947,0.000897945,0.000807406,0.000558928
4,2,28,0.00472946,0.00372519,0.00167996,0.0008114
4,2,29,0.00125817,0.000675172,0.000680905,0.00041478
4,2,30,0.00168779,0.000971909,0.000898812,0.000758337
4,2,31,0.00641715,0.00410225,0.00169338,0.00075477
4,2,32,0.00110092,0.000800677,0.000816435,0.000626443
4,2,33,0.00207839,0.00197975,0.00104018,0.000792687
4,2,34,0.00161128,0.00136184,0.000864125,0.000639818
4,2,35,0.00150209,0.00177049,0.00132771,0.000990734
4,2,36,0.00221549,0.00200253,0.00107923,0.000758731
4,2,37,0.0020224,0.00161416,0.00102008,0.000739843
4,2,38,0.00134574,0.000869759,0.000522797,0.000594191
4,2,39,0.00158554,0.0014874,0.000997765,0.000700276
4,2,40,0.00375515,0.00341334,0.00211924,0.000910483
4,2,41,0.00423835,0.00293148,0.00134473,0.000688361
4,2,42,0.00153994,0.00136118,0.00122314,0.000908236
4,2,43,0.00684737,0.00507001,0.00282666,0.000881883
4,2,44,0.00121568,0.000678953,0.000633823,0.000410783
4,2,45,0.00144325,0.00134404,0.000979139,0.000772387
4,2,46,0.000809892,0.000777524,0.000840264,0.00078669
4,2,47,0.00563348,0.00464832,0.00207175,0.000844393
4,2,48,0.00265517,0.00202514,0.00112191,0.000767142
4,2,49,0.00159013,0.00163367,0.00100601,0.000760218
4,2,50,0.0050208,0.00398272,0.00175365,0.000791833
4,2,51,0.00160826,0.00131333,0.00115061,0.000974619
4,2,52,0.00830048,0.0062478,0.00383427,0.00101702
4,2,53,0.00123368,0.00108668,0.000786527,0.000506261
4,2,54,0.00122075,0.00110133,0.00106907,0.000825015
4,2,55,0.00109413,0.00132601,0.000924167,0.000681077
4,2,56,0.00219564,0.00218227,0.00137902,0.000947463
4,2,57,0.0011748,0.000973449,0.000773632,0.00049633
4,2,58,0.00368365,0.00261769,0.00122975,0.000784009
4,2,59,0.00132694,0.00107553,0.00094316,0.000695653
4,2,60,0.00128717,0.000802947,0.000769867,0.000601739
5,1,1,0.00725178,0.00564853,0.0026925,0.000837424
5,1,2,0.00466259,0.00285911,0.00178675,0.000645612
5,1,3,0.00243392,0.00227212,0.0014925,0.00075944
5,1,4,0.0036107,0.00193622,0.000994308,0.000426919
5,1,5,0.00349954,0.00221054,0.000915274,0.000608122
5,1,6,0.00544333,0.00359382,0.00168374,0.00073803
5,1,7,0.00220538,0.00194358,0.00120091,0.000609436
5,1,8,0.00426527,0.00430902,0.00134983,0.000744066
5,1,9,0.00416386,0.00285484,0.0014828,0.000514128
5,1,10,0.00311064,0.00203686,0.00116806,0.000959356
5,1,11,0.00504338,0.00303093,0.0014785,0.000730052
5,1,12,0.00317988,0.00241686,0.00115411,0.000544877
5,1,13,0.00433613,0.00287578,0.00123556,0.000776689
5,1,14,0.0034884,0.00204929,0.0010114,0.000665126
5,1,15,0.0108108,0.00869748,0.00613849,0.0016601
5,1,16,0.00413218,0.00270268,0.00152828,0.000812399
5,1,17,0.00226137,0.00174269,0.0010462,0.000377445
5,1,18,0.00426213,0.00253405,0.00130334,0.000777829
5,1,19,0.00246543,0.00181053,0.000951688,0.000504859
5,1,20,0.00338264,0.00270693,0.000867352,0.000386891
5,1,21,0.00445541,0.00248845,0.00111412,0.000656109
5,1,22,0.00228109,0.00133582,0.00100655,0.000689761
5,1,23,0.00686434,0.0049478,0.00206791,0.000721016
5,1,24,0.00587538,0.00372444,0.00139261,0.000611402
5,1,25,0.00349954,0.00221054,0.000915274,0.000608122
5,1,26,0.00289648,0.00156335,0.000884936,0.000324961
5,1,27,0.00492104,0.00412359,0.00199303,0.000635551
5,1,28,0.00364422,0.00226433,0.00126324,0.000635262
5,1,29,0.00527153,0.0038254,0.00228992,0.000993228
5,1,30,0.00270745,0.0017673,0.00104005,0.000606722
5,1,31,0.00681436,0.00512893,0.00275402,0.000875333
5,1,32,0.00789149,0.00594296,0.00376376,0.000993491
5,1,33,0.00456203,0.0034171,0.00176003,0.000683784
5,1,34,0.00237753,0.00182414,0.000919811,0.000652829
5,1,35,0.00652764,0.00490683,0.00227283,0.000774031
5,1,36,0.00262071,0.00188597,0.000849979,0.000493519
5,1,37,0.00166559,0.00112427,0.000797821,0.000514489
5,1,38,0.00446631,0.00252858,0.0010558,0.000506608
5,1,39,0.0033716,0.00227898,0.00152551,0.000773855
5,1,40,0.00220105,0.00160296,0.00129082,0.00051158
5,1,41,0.00411692,0.00253725,0.00153067,0.000746685
5,1,42,0.00294986,0.00202723,0.00102855,0.000683141
5,1,43,0.00486479,0.00343454,0.00157543,0.000683807
5,1,44,0.00443916,0.00342,0.00124739,0.000736855
5,1,45,0.00632714,0.00425511,0.00212945,0.000762884
5,1,46,0.00413933,0.0026771,0.00150955,0.000477919
5,1,47,0.0032252,0.00258207,0.00165943,0.000779949
5,1,48,0.00600573,0.00380267,0.00154972,0.000737592
5,1,49,0.00787296,0.00585214,0.00309375,0.000930653
5,1,50,0.00367211,0.00296028,0.00195642,0.000575475
5,1,51,0.0035843,0.00210362,0.00110797,0.000666904
5,1,52,0.004519,0.00146713,0.000854662,0.000637205
5,1,53,0.00382202,0.00215677,0.00110054,0.000612926
5,1,54,0.00480131,0.0033292,0.00155608,0.000687864
5,1,55,0.00652764,0.00490683,0.00227283,0.000774031
5,1,56,0.00212606,0.00158367,0.000984159,0.000658752
5,1,57,0.0049623,0.00308694,0.00131288,0.000729392
5,1,58,0.00403858,0.00268966,0.00090833,0.000759819
5,1,59,0.00455076,0.00241964,0.00127295,0.000752159
5,1,60,0.00245962,0.00190472,0.00114837,0.000708441
5,2,1,0.0066439,0.00538696,0.00312036,0.000945246
5,2,2,0.00837219,0.00674989,0.00448132,0.00112375
5,2,3,0.0047396,0.00410045,0.00201475,0.000793904
5,2,4,0.00127601,0.00146914,0.00101652,0.000751088
5,2,5,0.00634323,0.00529871,0.00256571,0.000871685
5,2,6,0.00253387,0.00213973,0.00106645,0.000726264
5,2,7,0.000880467,0.000883377,0.00073403,0.000578248
5,2,8,0.00146696,0.00148443,0.000981071,0.000747592
5,2,9,0.00251507,0.00301419,0.00159429,0.000921526
5,2,10,0.00159382,0.000751343,0.00078725,0.000718991
5,2,11,0.00504229,0.00360345,0.00178033,0.000822267
5,2,12,0.00350004,0.00251182,0.00120689,0.000768742
5,2,13,0.00527693,0.00392782,0.00176554,0.000846885
5,2,14,0.00287714,0.00299772,0.00163142,0.000948875
5,2,15,0.00663588,0.00469983,0.00260082,0.00096136
5,2,16,0.00128961,0.00125867,0.000947037,0.000701887
5,2,17,0.00333996,0.00399697,0.00203483,0.00100294
5,2,18,0.00506766,0.00394032,0.00172587,0.000892575
5,2,19,0.0081855,0.00636486,0.00378491,0.00104928
5,2,20,0.00250344,0.00242323,0.00125668,0.000819921
5,2,21,0.00267107,0.00239808,0.00131276,0.000860054
5,2,22,0.00217206,0.00220324,0.0011353,0.000904476
5,2,23,0.00456394,0.00263135,0.00135189,0.000764912
5,2,24,0.00470014,0.0038661,0.00152993,0.000725934
5,2,25,0.00634323,0.00529871,0.00256571,0.000871685
5,2,26,0.00218068,0.00175462,0.00109609,0.000759379
5,2,27,0.00479331,0.00462586,0.00197339,0.000827033
5,2,28,0.00119924,0.00139342,0.00120511,0.001093
5,2,29,0.00500207,0.00345968,0.00166785,0.00104054
5,2,30,0.00244454,0.00226044,0.00124396,0.000869422
5,2,31,0.00824496,0.00668622,0.00424325,0.00124364
5,2,32,0.00433835,0.00335273,0.00184341,0.00077577
5,2,33,0.00277777,0.00312996,0.00168069,0.000822713
5,2,34,0.00129681,0.001527,0.00102961,0.00074622
5,2,35,0.00324313,0.00203283,0.00101913,0.000718053
5,2,36,0.00540208,0.00508316,0.00224393,0.00088339
5,2,37,0.0015969,0.00215074,0.0014071,0.000813059
5,2,38,0.00251611,0.00245591,0.00152755,0.00106156
5,2,39,0.00201814,0.00174308,0.000990327,0.000761822
5,2,40,0.00259365,0.00136822,0.00197559,0.00137863
5,2,41,0.00489513,0.00368135,0.00144904,0.000825958
5,2,42,0.00201024,0.00164827,0.00111782,0.000703577
5,2,43,0.00415866,0.00287458,0.00135061,0.000821862
5,2,44,0.00216444,0.00205864,0.00122772,0.000821452
5,2,45,0.0103417,0.00952367,0.00719125,0.00217327
5,2,46,0.00293864,0.00245346,0.00177948,0.000959459
5,2,47,0.00111859,0.00106556,0.000835652,0.00057122
5,2,48,0.00449498,0.00350663,0.00151576,0.000931628
5,2,49,0.0015525,0.00135944,0.000928453,0.000750678
5,2,50,0.00166642,0.0015736,0.00112989,0.000782615
5,2,51,0.00217874,0.00214636,0.00120773,0.000825784
5,2,52,0.00158721,0.00129315,0.0010084,0.000887808
5,2,53,0.00734246,0.00579968,0.00323353,0.000894495
5,2,54,0.00650698,0.00491208,0.00247472,0.0008288
5,2,55,0.00324313,0.00203283,0.00101913,0.000718053
5,2,56,0.00111735,0.000900332,0.000843674,0.000583442
5,2,57,0.00446502,0.00285119,0.00158749,0.000748935
5,2,58,0.00170201,0.000953176,0.000921241,0.000933035
5,2,59,0.00406998,0.00492974,0.00265002,0.00119622
5,2,60,0.00299192,0.00255695,0.00108216,0.000905216
6,1,1,0.00279246,0.00235795,0.0014936,0.000913898
6,1,2,0.0046093,0.00349497,0.00194902,0.000962614
6,1,3,0.00724283,0.00629326,0.00324743,0.000984085
6,1,4,0.00246024,0.00197765,0.0013957,0.000833095
6,1,5,0.00165082,0.00102067,0.000869406,0.000613157
6,1,6,0.00444102,0.00274641,0.0016333,0.000917588
6,1,7,0.00338916,0.00244776,0.00154304,0.000637504
6,1,8,0.0171873,0.00929425,0.00613161,0.00175652
6,1,9,0.00663013,0.0049491,0.00261957,0.00085143
6,1,10,0.00270038,0.00228304,0.0011087,0.000770188
6,1,11,0.00380288,0.00311422,0.0015741,0.00073451
6,1,12,0.00756785,0.00595826,0.00247275,0.000795096
6,1,13,0.0123383,0.00777588,0.00507423,0.00132942
6,1,14,0.140872,0.00950667,0.00715111,0.00187046
6,1,15,0.00323093,0.00267408,0.00112021,0.000798414
6,1,16,0.00226116,0.00158265,0.000916106,0.000622176
6,1,17,0.00698749,0.0050234,0.0023859,0.000789466
6,1,18,0.00403655,0.00345132,0.00184119,0.00084567
6,1,19,0.00365905,0.00248147,0.00240053,0.00104486
6,1,20,0.00721747,0.00542656,0.00289858,0.000895697
6,1,21,0.00186037,0.00155733,0.00114613,0.000728833
6,1,22,0.00449964,0.00328715,0.00189014,0.000910147
6,1,23,0.00969231,0.00786286,0.00542822,0.00131629
6,1,24,0.00333814,0.0024169,0.00112425,0.000686532
6,1,25,0.00534419,0.0036649,0.00183522,0.000747311
6,1,26,0.00323093,0.00267408,0.00112021,0.000798414
6,1,27,0.00604542,0.00488715,0.0020308,0.000759536
6,1,28,0.00249241,0.00208663,0.00124998,0.000910459
6,1,29,0.00522206,0.00376442,0.00252186,0.00119012
6,1,30,0.00474037,0.00265194,0.00143632,0.000609944
6,1,31,0.00576265,0.00265837,0.00197269,0.000698677
6,1,32,0.00654759,0.00509392,0.0023938,0.000997544
6,1,33,0.00308076,0.0017687,0.00101217,0.000702161
6,1,34,0.00443395,0.00231513,0.00117721,0.00070513
6,1,35,0.00319924,0.0028211,0.00192672,0.000864171
6,1,36,0.00444308,0.00420539,0.00312993,0.000909815
6,1,37,0.00346056,0.00196451,0.00115826,0.000687887
6,1,38,0.0073346,0.00585322,0.00281443,0.000922564
6,1,39,0.00594075,0.00403613,0.00216689,0.000781542
6,1,40,0.00198881,0.00133403,0.00127086,0.000694097
6,1,41,0.00481744,0.003326,0.00183378,0.000942215
6,1,42,0.0103909,0.00870785,0.00602909,0.00153542
6,1,43,0.0162494,0.00927437,0.00903724,0.00290528
6,1,44,0.00985262,0.00856463,0.00608566,0.00156533
6,1,45,0.00553478,0.00466065,0.00214618,0.000778352
6,1,46,0.00598289,0.00317627,0.00184738,0.000850854
6,1,47,0.00987853,0.00866164,0.0053586,0.00140195
6,1,48,0.00182389,0.0016848,0.00115358,0.000690771
6,1,49,0.00544177,0.00293672,0.00176064,0.000637745
6,1,50,0.00470744,0.00266769,0.00151783,0.000694184
6,1,51,0.00318287,0.00248076,0.00152228,0.000756941
6,1,52,0.00417226,0.00217748,0.00092748,0.000674085
6,1,53,0.0194422,0.00847867,0.00661702,0.00164612
6,1,54,0.00494344,0.00416295,0.00141055,0.000764804
6,1,55,0.00971364,0.00824768,0.00528824,0.00121664
6,1,56,0.00553478,0.00466065,0.00214618,0.000778352
6,1,57,0.00289379,0.00261305,0.00169708,0.00081627
6,1,58,0.00247527,0.00266551,0.00111511,0.000752264
6,1,59,0.00510969,0.00480471,0.00255186,0.000888143
6,1,60,0.00511284,0.00305391,0.00130697,0.000702762
6,2,1,0.00555867,0.0036467,0.00176576,0.000894922
6,2,2,0.00668644,0.00600755,0.0029832,0.00132105
6,2,3,0.003035,0.0020714,0.00113123,0.00076698
6,2,4,0.00221352,0.00209226,0.00128903,0.000950541
6,2,5,0.0033189,0.00298535,0.00247272,0.00113179
6,2,6,0.00547412,0.00439376,0.00270532,0.00105403
6,2,7,0.00455585,0.00317357,0.00151924,0.000856582
6,2,8,0.00693966,0.0059219,0.00372667,0.00109582
6,2,9,0.00749998,0.00574321,0.00376763,0.00120261
6,2,10,0.00116402,0.00119149,0.00164002,0.000825096
6,2,11,0.00447928,0.00360237,0.00197229,0.00105678
6,2,12,0.0107889,0.00899715,0.00594106,0.00171005
6,2,13,0.0160378,0.011409,0.00946324,0.00317444
6,2,14,0.00968216,0.00836185,0.00598449,0.00176295
6,2,15,0.00533843,0.00374972,0.00195513,0.000922991
6,2,16,0.0045801,0.00372979,0.00215268,0.00104138
6,2,17,0.0084482,0.00907842,0.00533219,0.00150745
6,2,18,0.00189886,0.0022464,0.0013961,0.000866987
6,2,19,0.0054728,0.00413067,0.00174238,0.000708182
6,2,20,0.00451651,0.00385735,0.00164668,0.000937875
6,2,21,0.00289261,0.00314665,0.00198138,0.000936115
6,2,22,0.00402332,0.00235688,0.00113132,0.000851377
6,2,23,0.0198094,0.0106398,0.00745353,0.00210287
6,2,24,0.00257876,0.00259871,0.00145879,0.000926793
6,2,25,0.00911613,0.00824703,0.00472375,0.00140775
6,2,26,0.00533843,0.00374972,0.00195513,0.000922991
6,2,27,0.00262273,0.00301311,0.00168239,0.000936794
6,2,28,0.00301408,0.00233042,0.00148259,0.00102056
6,2,29,0.00515239,0.00499026,0.00324896,0.00120129
6,2,30,0.00449213,0.00452384,0.00183012,0.000876041
6,2,31,0.00284548,0.00202342,0.00150366,0.00118151
6,2,32,0.00553608,0.00497248,0.00194154,0.00111269
6,2,33,0.00732593,0.00738146,0.00438455,0.00130185
6,2,34,0.0016242,0.00221241,0.00149043,0.000906337
6,2,35,0.00127845,0.00127739,0.000924613,0.000681726
6,2,36,0.00531349,0.00431351,0.002085,0.000996832
6,2,37,0.00356203,0.00215753,0.00113199,0.000831876
6,2,38,0.0140672,0.0109246,0.007433,0.00235595
6,2,39,0.0077187,0.00651475,0.00423595,0.00127525
6,2,40,0.00195889,0.00231609,0.00142303,0.000915637
6,2,41,0.00331322,0.00359116,0.00176372,0.000906324
6,2,42,0.0077378,0.00656302,0.00353012,0.00104466
6,2,43,0.011579,0.00947567,0.0059133,0.00193425
6,2,44,0.0520377,0.0105299,0.00683069,0.00205299
6,2,45,0.00284742,0.00294941,0.00146084,0.000968949
6,2,46,0.00296908,0.00246192,0.00106671,0.000740973
6,2,47,0.00732416,0.00581399,0.00305733,0.000969216
6,2,48,0.00376477,0.0040905,0.00257471,0.00120342
6,2,49,0.0036932,0.00362152,0.0022206,0.00133956
6,2,50,0.00803645,0.00713464,0.00431101,0.00121565
6,2,51,0.00177362,0.0018775,0.00113446,0.000814332
6,2,52,0.00477837,0.00372168,0.0023067,0.000954583
6,2,53,0.0100047,0.00840929,0.00616798,0.00178615
6,2,54,0.00211172,0.00249083,0.00137863,0.000876336
6,2,55,0.00573509,0.00441297,0.00188021,0.00088498
6,2,56,0.00284742,0.00294941,0.00146084,0.000968949
6,2,57,0.00598118,0.00527501,0.00238327,0.000857999
6,2,58,0.00189183,0.00192598,0.00146664,0.00106605
6,2,59,0.00356107,0.00359399,0.00297993,0.00136248
6,2,60,0.00331785,0.00250537,0.00122521,0.000855112
7,1,1,0.00456434,0.00366359,0.00210283,0.00105433
7,1,2,0.0620069,0.0118791,0.00719937,0.00191786
7,1,3,0.00552509,0.00461613,0.00250655,0.00079092
7,1,4,0.00213088,0.00178543,0.00132359,0.000859541
7,1,5,0.00476528,0.00402178,0.00182958,0.000796005
7,1,6,0.00949838,0.0078216,0.00503111,0.00128597
7,1,7,0.00443795,0.00410542,0.00283575,0.00124861
7,1,8,0.0135299,0.0113315,0.00735257,0.0020051
7,1,9,0.0207853,0.00953613,0.00872746,0.00259049
7,1,10,0.00748051,0.00560473,0.0039611,0.000932897
7,1,11,0.00787936,0.0061307,0.00292793,0.000829195
7,1,12,0.00854912,0.00770447,0.0050696,0.00131624
7,1,13,0.00721068,0.0058506,0.00345722,0.00108121
7,1,14,0.01155,0.00911955,0.00692467,0.00178616
7,1,15,0.00973488,0.0097624,0.00634056,0.00158663
7,1,16,0.0274452,0.0107213,0.00835527,0.00237478
7,1,17,0.00213088,0.00178543,0.00132359,0.000859541
7,1,18,0.0130313,0.0122137,0.00718606,0.00200904
7,1,19,0.008997,0.00760707,0.00517612,0.00140913
7,1,20,0.00976586,0.00813081,0.00622599,0.00138137
7,1,21,0.00762037,0.00694387,0.0037052,0.00101295
7,1,22,0.00397059,0.00314844,0.00135016,0.000808965
7,1,23,0.00654183,0.00509528,0.00323584,0.0012589
7,1,24,0.00961044,0.00746588,0.0046467,0.00114794
7,1,25,0.00831052,0.00648451,0.00386975,0.00112455
7,1,26,0.00434076,0.0036251,0.0023785,0.000949832
7,1,27,0.0027331,0.0024794,0.00173158,0.000999069
7,1,28,0.00214552,0.00238333,0.00227016,0.00113685
7,1,29,0.00444789,0.00345522,0.00129752,0.00080877
7,1,30,0.00594891,0.00307326,0.00186457,0.000738973
7,1,31,0.00170604,0.00165974,0.00113239,0.000882971
7,1,32,0.0142426,0.0086007,0.00681197,0.00177444
7,1,33,0.00705029,0.00556202,0.00244532,0.000856627
7,1,34,0.00529847,0.00266127,0.00190675,0.000996637
7,1,35,0.00930258,0.00896484,0.00630085,0.00164539
7,1,36,0.00869336,0.0063869,0.00379213,0.00104833
7,1,37,0.00314621,0.00299637,0.00222417,0.00102899
7,1,38,0.0384826,0.0112243,0.00805049,0.00235119
7,1,39,0.0139574,0.0127565,0.00905764,0.00250112
7,1,40,0.0073116,0.00619254,0.00359649,0.000977243
7,1,41,0.0064338,0.0063292,0.00350725,0.000997927
7,1,42,0.00585911,0.00489849,0.00219759,0.000924782
7,1,43,0.00818263,0.00775269,0.00424888,0.00100381
7,1,44,0.007935,0.0068467,0.00448574,0.0011753
7,1,45,0.00518819,0.00629341,0.00372094,0.000996659
7,1,46,0.0356216,0.00990446,0.00801735,0.0021502
7,1,47,0.00529847,0.00266127,0.00190675,0.000996637
7,1,48,0.00593549,0.00518241,0.00230089,0.000798088
7,1,49,0.00531617,0.00319977,0.00188635,0.000799595
7,1,50,0.00509604,0.00436531,0.0020935,0.000931527
7,1,51,0.00446273,0.00376915,0.00197085,0.000932451
7,1,52,0.00372432,0.00302178,0.00175775,0.000801998
7,1,53,0.00862172,0.00645933,0.00463948,0.00114817
7,1,54,0.0429464,0.0111072,0.00879918,0.00271831
7,1,55,0.0263563,0.0120235,0.00810086,0.0023603
7,1,56,0.00423356,0.00325542,0.00165014,0.000849975
7,1,57,0.00637038,0.00550465,0.00249703,0.000994066
7,1,58,0.00326761,0.00227402,0.00128342,0.000644866
7,1,59,0.00507267,0.0035482,0.00205957,0.000865659
7,1,60,0.010683,0.00843282,0.00621632,0.00153637
7,2,1,0.00204455,0.00218569,0.00133738,0.000994065
7,2,2,0.0139801,0.00962608,0.0067754,0.00178844
7,2,3,0.00708756,0.00582176,0.003388,0.000964535
7,2,4,0.00475749,0.00449717,0.00251416,0.00120227
7,2,5,0.00980008,0.00977185,0.00667467,0.00207322
7,2,6,0.00933876,0.00751819,0.00490395,0.0013916
7,2,7,0.00295767,0.00348356,0.00288009,0.00159387
7,2,8,0.0234757,0.0149007,0.00878269,0.00284949
7,2,9,0.0113958,0.0147934,0.0105579,0.00392433
7,2,10,0.00759946,0.00676717,0.004595,0.00137981
7,2,11,0.00538515,0.006329,0.00341332,0.00121618
7,2,12,0.00553105,0.0054471,0.0037559,0.00121261
7,2,13,0.00829148,0.00743415,0.00440363,0.00116272
7,2,14,0.00821044,0.00739059,0.00605962,0.00185109
7,2,15,0.00538388,0.00676017,0.00380999,0.00107219
7,2,16,0.0220177,0.0130817,0.00880217,0.00287334
7,2,17,0.00475749,0.00449717,0.00251416,0.00120227
7,2,18,0.0063123,0.00507669,0.00260846,0.000954502
7,2,19,0.00527811,0.00366816,0.00219927,0.000957028
7,2,20,0.00436833,0.00436064,0.00236781,0.00118866
7,2,21,0.00489287,0.00397741,0.00207508,0.00113355
7,2,22,0.00364102,0.00336417,0.00179646,0.000957671
7,2,23,0.00727368,0.00565603,0.00324458,0.00096806
7,2,24,0.0198139,0.0126923,0.0120366,0.00518174
7,2,25,0.017379,0.0135962,0.00828534,0.00282083
7,2,26,0.00266439,0.00253383,0.00147613,0.00117639
7,2,27,0.00687162,0.00665638,0.00371663,0.00125398
7,2,28,0.00329891,0.00368721,0.00168885,0.000896183
7,2,29,0.00447894,0.00470937,0.00333279,0.00113971
7,2,30,0.0101865,0.0097876,0.0064193,0.00196185
7,2,31,0.00433226,0.00400201,0.00260083,0.00115783
7,2,32,0.026516,0.0139821,0.0081398,0.00242418
7,2,33,0.00586267,0.00499238,0.00289935,0.000952562
7,2,34,0.00159095,0.00198326,0.00175748,0.00104489
7,2,35,0.00442522,0.00433351,0.001996,0.000976375
7,2,36,0.0108149,0.00891433,0.00560884,0.0015825
7,2,37,0.00478175,0.00351406,0.0028267,0.00148793
7,2,38,0.0132905,0.0127987,0.00755659,0.00222213
7,2,39,0.0143402,0.0109521,0.011316,0.00443698
7,2,40,0.00787648,0.00674034,0.00429076,0.00128507
7,2,41,0.00850369,0.00746785,0.00380969,0.00110935
7,2,42,0.00707212,0.00801717,0.00531533,0.00156016
7,2,43,0.00727025,0.00605798,0.0037765,0.0013327
7,2,44,0.0111194,0.0111856,0.00679428,0.0022869
7,2,45,0.00828078,0.0102331,0.00576484,0.00178252
7,2,46,0.0201139,0.0118934,0.00809153,0.00267966
7,2,47,0.00159095,0.00198326,0.00175748,0.00104489
7,2,48,0.00949428,0.0134133,0.00695849,0.00211961
7,2,49,0.00871773,0.00738012,0.00485254,0.00152642
7,2,50,0.0094474,0.00861867,0.00619637,0.00167624
7,2,51,0.0075203,0.00675179,0.00380928,0.00130941
7,2,52,0.00263411,0.00244571,0.00143368,0.00102003
7,2,53,0.0064509,0.00492238,0.00354031,0.00165954
7,2,54,0.010205,0.00850327,0.00502299,0.00137191
7,2,55,0.00702501,0.00726532,0.00401008,0.00142131
7,2,56,0.00411893,0.00390346,0.00195303,0.00110913
7,2,57,0.00275589,0.00285906,0.00195219,0.00122406
7,2,58,0.00197554,0.00267415,0.00244049,0.00127592
7,2,59,0.00358622,0.00328521,0.00193658,0.00098939
7,2,60,0.00560972,0.00408555,0.00217976,0.000793164
8,1,1,0.00196589,0.0018094,0.00223455,0.00137471
8,1,2,0.00888929,0.00867254,0.00561486,0.00148169
8,1,3,0.0180122,0.00966014,0.0072119,0.00205726
8,1,4,0.00635581,0.00434986,0.00185514,0.00101863
8,1,5,0.00257772,0.00217269,0.00165972,0.000937328
8,1,6,0.00928566,0.00643591,0.00420977,0.0010541
8,1,7,0.00792439,0.00571857,0.00289604,0.000859358
8,1,8,0.00286039,0.00238436,0.00163484,0.000860101
8,1,9,0.00586728,0.0032853,0.00147982,0.000856062
8,1,10,0.0183471,0.0107885,0.00761015,0.0020606
8,1,11,0.00324734,0.00335392,0.00201745,0.000876035
8,1,12,0.0025368,0.00238716,0.00154957,0.000840365
8,1,13,0.106571,0.00858331,0.00639612,0.00168438
8,1,14,0.0066349,0.00537071,0.00332763,0.00127346
8,1,15,0.00821038,0.00556174,0.00430433,0.00187653
8,1,16,0.00965095,0.00797063,0.00506136,0.00128655
8,1,17,0.0157975,0.0120076,0.00868355,0.00242571
8,1,18,0.294081,0.0127111,0.00833544,0.00246034
8,1,19,0.00705795,0.00513108,0.00285949,0.000957304
8,1,20,0.00300065,0.00272901,0.00233709,0.00112218
8,1,21,0.0216726,0.00971356,0.00804735,0.00231697
8,1,22,0.00363502,0.00362111,0.00236015,0.000997722
8,1,23,0.00359745,0.00305644,0.00260179,0.00129946
8,1,24,0.0360973,0.0144278,0.00924317,0.00265324
8,1,25,0.00870986,0.00695444,0.00459127,0.00108233
8,1,26,0.00820205,0.00605008,0.00347222,0.00110326
8,1,27,0.0285364,0.014978,0.00831507,0.00239952
8,1,28,0.00681754,0.00492884,0.00241545,0.000969178
8,1,29,0.00861696,0.00671021,0.00361937,0.000957288
8,1,30,0.00304593,0.00226154,0.0012855,0.000830146
8,1,31,0.00197192,0.00299842,0.00272975,0.00117809
8,1,32,0.00543951,0.00418867,0.00173255,0.00081602
8,1,33,0.026256,0.0115917,0.00780083,0.00223125
8,1,34,0.00622479,0.00563683,0.00257216,0.000916216
8,1,35,0.00727519,0.0067949,0.00563914,0.00126094
8,1,36,0.00796197,0.00682185,0.00380342,0.00111534
8,1,37,0.0106105,0.0101436,0.00744059,0.00221415
8,1,38,0.154592,0.0119167,0.00838579,0.00238599
8,1,39,0.00357576,0.00237414,0.00137758,0.000951899
8,1,40,0.0107081,0.00933895,0.00668532,0.00179109
8,1,41,0.00515492,0.00483671,0.00329302,0.00110574
8,1,42,0.00903908,0.00940543,0.00628215,0.00174192
8,1,43,0.0142141,0.0105218,0.00952056,0.00302755
8,1,44,0.00542032,0.00552761,0.00395246,0.00119991
8,1,45,0.00996475,0.00692151,0.00578629,0.00129821
8,1,46,0.00632736,0.00568706,0.00229958,0.000782512
8,1,47,0.00665216,0.00635683,0.00391629,0.00100631
8,1,48,0.295352,0.0126311,0.00832341,0.00240513
8,1,49,0.00709151,0.00635517,0.00256488,0.00108035
8,1,50,0.00463871,0.00464522,0.00315378,0.00130113
8,1,51,0.00914325,0.00841085,0.00659853,0.00181267
8,1,52,0.00423036,0.00249515,0.00168761,0.000662653
8,1,53,0.00356838,0.00257536,0.00164854,0.000937288
8,1,54,0.142215,0.0118367,0.00705532,0.00191733
8,1,55,0.0162476,0.00979396,0.00661656,0.00174076
8,1,56,0.00349559,0.00226385,0.00149684,0.000881698
8,1,57,0.0199612,0.00899956,0.0070114,0.00178075
8,1,58,0.00307525,0.00238106,0.0015296,0.00106699
8,1,59,0.00593297,0.00278735,0.00226029,0.00114437
8,1,60,0.00368253,0.00433275,0.00203811,0.000848021
8,2,1,0.00120745,0.00279045,0.00315636,0.00147393
8,2,2,0.00446466,0.0040118,0.00159819,0.000935216
8,2,3,0.0166122,0.0139512,0.00865432,0.00254295
8,2,4,0.00536922,0.00577527,0.00347003,0.00119644
8,2,5,0.00772405,0.00826495,0.00637828,0.00163558
8,2,6,0.00639166,0.00722036,0.00399959,0.00113009
8,2,7,0.00953078,0.0107951,0.00694405,0.00223009
8,2,8,0.143225,0.0137671,0.0085906,0.00290232
8,2,9,0.00364694,0.00290879,0.00218201,0.00102389
8,2,10,0.0116296,0.0101313,0.00607786,0.00178059
8,2,11,0.00471596,0.00504914,0.00336532,0.00122949
8,2,12,0.00762147,0.0096542,0.00614551,0.00190758
8,2,13,0.0114795,0.0119252,0.0103972,0.00366772
8,2,14,0.00523441,0.00593644,0.00458894,0.00147794
8,2,15,0.00940283,0.00779354,0.00538853,0.00132817
8,2,16,0.00571053,0.00533249,0.00237084,0.000924512
8,2,17,0.00665945,0.00700937,0.00457187,0.0014997
8,2,18,0.227055,0.014012,0.00835266,0.00277884
8,2,19,0.00558089,0.00548827,0.00246548,0.00119897
8,2,20,0.00408375,0.00480367,0.00342835,0.00158262
8,2,21,0.00935915,0.0085891,0.00670856,0.0021354
8,2,22,0.00219893,0.00198475,0.00137169,0.000990718
8,2,23,0.00271736,0.00280193,0.00207032,0.00125968
8,2,24,0.101683,0.0171008,0.00779785,0.00230613
8,2,25,0.0143561,0.0110519,0.00732023,0.00267543
8,2,26,0.00243915,0.00278378,0.00180757,0.00101711
8,2,27,0.0150866,0.0106552,0.00780487,0.0021282
8,2,28,0.00281411,0.00299168,0.00159729,0.00122072
8,2,29,0.00396499,0.00316722,0.00217236,0.00140533
8,2,30,0.00300627,0.00416098,0.00314277,0.00108614
8,2,31,0.0020203,0.00251292,0.00221123,0.00165117
8,2,32,0.00777885,0.00866648,0.00587355,0.00164554
8,2,33,0.013888,0.0101875,0.00771401,0.0024474
8,2,34,0.00567695,0.00549786,0.00231971,0.00110815
8,2,35,0.00204995,0.0024075,0.0020237,0.00120777
8,2,36,0.0103977,0.00799283,0.00460099,0.00153098
8,2,37,0.0085841,0.00695078,0.00379939,0.00110583
8,2,38,0.00341778,0.00291838,0.00160542,0.000954192
8,2,39,0.00436734,0.00378078,0.00265267,0.00133423
8,2,40,0.0154676,0.0132638,0.00841465,0.00235418
8,2,41,0.00294334,0.00381571,0.00211143,0.00105134
8,2,42,0.0018509,0.00227986,0.00192877,0.00099761
8,2,43,0.058054,0.010862,0.00684831,0.0022308
8,2,44,0.006551,0.00514392,0.00351743,0.00203359
8,2,45,0.00934245,0.00639315,0.00586337,0.00193868
8,2,46,0.00955313,0.00865986,0.00488521,0.00138895
8,2,47,0.0133789,0.0147073,0.00917796,0.00288093
8,2,48,0.28457,0.0141015,0.00832568,0.00279635
8,2,49,0.00843621,0.00717554,0.0045495,0.00123444
8,2,50,0.00272156,0.00328493,0.00254188,0.00126118
8,2,51,0.0206994,0.0122238,0.00934185,0.00316035
8,2,52,0.00274146,0.004062,0.00287164,0.00107254
8,2,53,0.00363911,0.00351345,0.00257082,0.00139477
8,2,54,0.0228546,0.0185781,0.00917336,0.00289331
8,2,55,0.00841075,0.00722324,0.00432939,0.00131244
8,2,56,0.00906536,0.0073787,0.00481389,0.00138136
8,2,57,0.0160949,0.0149126,0.00874011,0.00291779
8,2,58,0.00623299,0.00540306,0.00260774,0.00140222
8,2,59,0.0074083,0.00559426,0.00347095,0.000987369
8,2,60,0.00226269,0.00208897,0.00149374,0.00100308
9,1,1,0.0128585,0.0100787,0.00887595,0.00247732
9,1,2,0.00563519,0.00438907,0.00211343,0.000968724
9,1,3,0.00989835,0.00784481,0.00489353,0.00113677
9,1,4,0.184615,0.0117661,0.00975956,0.00374108
9,1,5,0.00916523,0.00830406,0.00671734,0.0018711
9,1,6,0.0146937,0.00984703,0.00709711,0.00216811
9,1,7,0.0152667,0.0118886,0.00963318,0.00333194
9,1,8,0.00722583,0.00662271,0.00507467,0.00133372
9,1,9,0.0110142,0.00785112,0.0047218,0.00259362
9,1,10,0.00405908,0.00303007,0.00217619,0.00140598
9,1,11,0.00672463,0.00390045,0.00217014,0.00121792
9,1,12,0.0293136,0.0124242,0.00742896,0.00180092
9,1,13,0.0145495,0.0121669,0.00820057,0.00244681
9,1,14,0.0117644,0.00735658,0.00615439,0.00169144
9,1,15,0.0116786,0.0071982,0.00409017,0.00105375
9,1,16,0.0182635,0.0119469,0.00883943,0.00316933
9,1,17,0.00925675,0.00746365,0.00486777,0.00130852
9,1,18,0.00887036,0.00680384,0.00405145,0.00118678
9,1,19,0.014765,0.0123543,0.00737078,0.00201097
9,1,20,0.158136,0.010622,0.00757787,0.00206801
9,1,21,0.010168,0.00794272,0.00504018,0.00119214
9,1,22,0.0141443,0.00929915,0.00703364,0.00190609
9,1,23,0.053038,0.01472,0.00815484,0.00239102
9,1,24,0.0192573,0.00917567,0.00665623,0.00180491
9,1,25,0.00723587,0.00539583,0.00246609,0.000832545
9,1,26,0.0124103,0.00788132,0.00484483,0.00169685
9,1,27,0.0298802,0.0136595,0.00892898,0.00245857
9,1,28,0.053038,0.01472,0.00815484,0.00239102
9,1,29,0.0400436,0.0110832,0.00850574,0.00254967
9,1,30,0.0120233,0.0104309,0.0068729,0.00183721
9,1,31,0.0105577,0.010364,0.00797087,0.00283975
9,1,32,0.011807,0.00735425,0.00608543,0.00166642
9,1,33,0.119612,0.0113907,0.00755145,0.00211725
9,1,34,0.00953006,0.00853532,0.00680242,0.00170644
9,1,35,0.00763104,0.00809797,0.00453339,0.00125854
9,1,36,0.122834,0.0115365,0.00784636,0.00222966
9,1,37,0.200003,0.0119062,0.00790729,0.00223848
9,1,38,0.00855822,0.00852785,0.00544838,0.00154318
9,1,39,0.00744535,0.00412226,0.00399145,0.00149569
9,1,40,0.0148789,0.0105881,0.0087858,0.00232401
9,1,41,0.00462999,0.00523177,0.00329095,0.00100403
9,1,42,0.00468289,0.00299784,0.00235428,0.00113039
9,1,43,0.0133188,0.0118073,0.00834233,0.00248806
9,1,44,0.00499238,0.00312147,0.00121652,0.000619779
9,1,45,0.0395432,0.0110341,0.00770174,0.00216735
9,1,46,0.109602,0.0150034,0.0106948,0.00321944
9,1,47,0.00387775,0.00299274,0.00185127,0.00124965
9,1,48,0.012076,0.00818425,0.00522023,0.00149925
9,1,49,0.0160844,0.0152976,0.00750717,0.00210241
9,1,50,0.0185399,0.013318,0.00804683,0.00237799
9,1,51,0.010378,0.00955114,0.00593461,0.0015886
9,1,52,0.117675,0.012439,0.00777034,0.00179649
9,1,53,0.103108,0.014338,0.0085443,0.00234483
9,1,54,0.156862,0.0122735,0.00968381,0.00269604
9,1,55,0.00833188,0.00709207,0.00416782,0.0012214
9,1,56,0.00823354,0.00712701,0.00540806,0.00189818
9,1,57,0.0284359,0.0126351,0.00841516,0.00238396
9,1,58,0.103108,0.014338,0.0085443,0.00234483
9,1,59,0.167203,0.00938118,0.00820091,0.00223661
9,1,60,0.00562778,0.00252542,0.00144521,0.000862993
9,2,1,0.0106057,0.0104009,0.00964565,0.00382479
9,2,2,0.0110296,0.00934475,0.00700847,0.0021792
9,2,3,0.117327,0.0124013,0.0078828,0.00254907
9,2,4,0.0111988,0.00945897,0.00689737,0.00218223
9,2,5,0.00787091,0.00857388,0.00526131,0.00156957
9,2,6,0.0214983,0.0120224,0.00773202,0.00245939
9,2,7,0.134758,0.013909,0.00792336,0.00254768
9,2,8,0.00814917,0.00867355,0.00660182,0.00177435
9,2,9,0.00481313,0.0046001,0.00338232,0.00227818
9,2,10,0.0133475,0.0110674,0.00849432,0.00270875
9,2,11,0.00422246,0.00519226,0.00359675,0.00123899
9,2,12,0.00494945,0.00398993,0.00231078,0.00134731
9,2,13,0.013324,0.0135969,0.00823373,0.0026725
9,2,14,0.00435742,0.00327813,0.0016837,0.00100963
9,2,15,0.0242386,0.0136946,0.00775959,0.00246828
9,2,16,0.171038,0.0192747,0.0103903,0.00312328
9,2,17,0.00348897,0.0034282,0.00213342,0.00155072
9,2,18,0.0118822,0.00846565,0.00481313,0.00192289
9,2,19,0.0152362,0.0164022,0.00808112,0.00257021
9,2,20,0.0132655,0.0160058,0.00846172,0.00282662
9,2,21,0.00933027,0.0113399,0.0062427,0.00188266
9,2,22,0.0195967,0.0159449,0.00933963,0.00362817
9,2,23,0.110357,0.0190484,0.00869447,0.00297552
9,2,24,0.0371324,0.0159239,0.0107334,0.00316679
9,2,25,0.00750842,0.00704344,0.00475743,0.00140506
9,2,26,0.00834697,0.00692614,0.00526473,0.0024432
9,2,27,0.0174508,0.0155938,0.00874196,0.00286429
9,2,28,0.110357,0.0190484,0.00869447,0.00297552
9,2,29,0.14103,0.0146097,0.0102601,0.00412082
9,2,30,0.00566893,0.00345148,0.00200598,0.00111612
9,2,31,0.0127719,0.0101457,0.00962981,0.00402847
9,2,32,0.00637938,0.00552888,0.00308102,0.00111336
9,2,33,0.0105273,0.00857447,0.00545931,0.00155519
9,2,34,0.117396,0.0158852,0.0133857,0.00663705
9,2,35,0.00926658,0.0087348,0.00671198,0.00225743
9,2,36,0.0137716,0.0100911,0.00829322,0.00340421
9,2,37,0.0127193,0.0125352,0.0106291,0.00381787
9,2,38,0.00804289,0.00639362,0.00385785,0.00177471
9,2,39,0.011849,0.00725534,0.00483047,0.00209035
9,2,40,0.0040679,0.00306306,0.00281263,0.00131564
9,2,41,0.00309873,0.00391942,0.00299941,0.00195848
9,2,42,0.0144318,0.0198508,0.0109835,0.00346242
9,2,43,0.0130784,0.0140479,0.00851111,0.00261106
9,2,44,0.0114709,0.00791026,0.00638282,0.00203021
9,2,45,0.0110184,0.00661289,0.00404765,0.00151996
9,2,46,0.0157925,0.0121888,0.00949555,0.00411808
9,2,47,0.00913091,0.00857859,0.00473889,0.0016526
9,2,48,0.00865599,0.00630573,0.00488731,0.00178909
9,2,49,0.012338,0.012334,0.0074563,0.00234834
9,2,50,0.114968,0.0125942,0.0086286,0.00235954
9,2,51,0.00981655,0.00761236,0.00422649,0.00145422
9,2,52,0.015494,0.0111538,0.00798535,0.00217273
9,2,53,0.0463706,0.0166982,0.00877882,0.00297553
9,2,54,0.0156998,0.0109336,0.00749056,0.00240601
9,2,55,0.00710426,0.00563937,0.00345623,0.00103171
9,2,56,0.0117284,0.00942196,0.0059759,0.00224145
9,2,57,0.0203876,0.0178109,0.00974548,0.00291741
9,2,58,0.0463706,0.0166982,0.00877882,0.00297553
9,2,59,0.0389815,0.0158988,0.0118023,0.00507711
9,2,60,0.0110615,0.0115802,0.00742284,0.00223958
10,1,1,0.111877,0.0127591,0.00940204,0.00249629
10,1,2,0.339119,0.0114144,0.00867038,0.00221883
10,1,3,0.0108663,0.00905878,0.00832646,0.00226407
10,1,4,0.0165085,0.008048,0.00609937,0.00189591
10,1,5,0.0171604,0.00862949,0.00572357,0.00153813
10,1,6,0.00586411,0.00540752,0.00298902,0.0012045
10,1,7,0.00631436,0.00803884,0.00654352,0.00194351
10,1,8,0.00681192,0.00527546,0.00289237,0.00114622
10,1,9,0.0246646,0.0137777,0.00743879,0.00175728
10,1,10,0.00871709,0.00760646,0.00728623,0.00227228
10,1,11,0.0235198,0.00962507,0.00581987,0.00158671
10,1,12,0.0401051,0.0157655,0.00921194,0.00299447
10,1,13,0.0143221,0.00960906,0.00708504,0.00189034
10,1,14,0.0162238,0.0112688,0.00747112,0.0021472
10,1,15,0.00945814,0.00815299,0.00628994,0.00151661
10,1,16,0.0101923,0.0103908,0.00695696,0.00190313
10,1,17,0.0117254,0.00930862,0.00637162,0.00155831
10,1,18,0.00755726,0.00766187,0.00551466,0.00169735
10,1,19,0.00919168,0.00833883,0.00477959,0.0012708
10,1,20,0.162656,0.00932269,0.00668267,0.00180308
10,1,21,0.0705784,0.00989094,0.0075432,0.00183774
10,1,22,0.0383234,0.0113427,0.00821627,0.00227218
10,1,23,0.0120089,0.0101108,0.00732069,0.00182506
10,1,24,0.00935694,0.00810366,0.00509248,0.001376
10,1,25,0.00843496,0.00756623,0.00507947,0.00142559
10,1,26,0.0111243,0.00773384,0.00664079,0.00166045
10,1,27,0.0116584,0.00886908,0.00624544,0.00188655
10,1,28,0.0111512,0.00788496,0.00582594,0.00175917
10,1,29,0.0226549,0.0110926,0.00767531,0.00230031
10,1,30,0.00590592,0.00522344,0.00297717,0.00117787
10,1,31,0.043135,0.0150021,0.00911722,0.00243205
10,1,32,0.0480043,0.00988788,0.00662483,0.00181728
10,1,33,0.00759904,0.00987874,0.00793044,0.00277004
10,1,34,0.00893321,0.00680785,0.00534688,0.002174
10,1,35,0.0261118,0.00958085,0.00636063,0.00166802
10,1,36,0.00559527,0.00354372,0.00289417,0.00118244
10,1,37,0.00525346,0.00340157,0.0021886,0.0010528
10,1,38,0.00526705,0.00407407,0.00226896,0.00126604
10,1,39,0.00918285,0.00727664,0.00499865,0.00129786
10,1,40,0.00584686,0.00571207,0.00257427,0.000892314
10,1,41,0.127673,0.0221647,0.0121904,0.00331155
10,1,42,0.0185709,0.0153331,0.00993,0.00315131
10,1,43,0.126308,0.00940059,0.00678363,0.0018319
10,1,44,0.0102184,0.0130685,0.00950485,0.00242564
10,1,45,0.122904,0.011894,0.00685624,0.00162879
10,1,46,0.00789669,0.00726034,0.00541475,0.00156865
10,1,47,0.00539577,0.00341977,0.0020101,0.000883813
10,1,48,0.0433758,0.0131825,0.00843753,0.00245618
10,1,49,0.0089147,0.00860076,0.0048901,0.00129703
10,1,50,0.00397663,0.00290887,0.00250165,0.00106802
10,1,51,0.153744,0.0109683,0.00894755,0.0025873
10,1,52,0.0275573,0.0101118,0.00962463,0.00302643
10,1,53,0.00673466,0.00676684,0.00470944,0.00124356
10,1,54,0.137814,0.0166356,0.00959194,0.00321482
10,1,55,0.00877481,0.00844491,0.00474328,0.00128114
10,1,56,0.0111903,0.00751916,0.00547696,0.00134976
10,1,57,0.0188378,0.0148866,0.0080779,0.00201137
10,1,58,0.00690349,0.00645426,0.0030394,0.00104432
10,1,59,0.0182813,0.00908484,0.00631866,0.0018246
10,1,60,0.00464085,0.00451534,0.00289353,0.00115783
10,2,1,0.0134558,0.0141671,0.00997772,0.00298396
10,2,2,0.0381182,0.0128611,0.00889667,0.00385021
10,2,3,0.00733425,0.00964851,0.00746952,0.00239066
10,2,4,0.0100218,0.00697852,0.00517126,0.00244118
10,2,5,0.017588,0.0114228,0.00722157,0.00214194
10,2,6,0.00609311,0.00437594,0.00321111,0.00156693
10,2,7,0.00457803,0.00466588,0.00231049,0.00120882
10,2,8,0.00504363,0.00445887,0.00243853,0.00158357
10,2,9,0.00939577,0.00786495,0.00582903,0.00171777
10,2,10,0.0058302,0.00586827,0.00306919,0.00110211
10,2,11,0.12671,0.0344902,0.0124453,0.00358765
10,2,12,0.0145905,0.0181113,0.0103242,0.00336353
10,2,13,0.119415,0.011848,0.00808145,0.00251186
10,2,14,0.0094822,0.0129771,0.00944667,0.00242716
10,2,15,0.0425017,0.0115694,0.00834281,0.00240407
10,2,16,0.00857762,0.00817223,0.00523455,0.00182999
10,2,17,0.00543359,0.00531297,0.00353041,0.00131164
10,2,18,0.02622,0.0145595,0.00837666,0.00279339
10,2,19,0.00741847,0.00957558,0.00483615,0.00159215
10,2,20,0.00394346,0.00287106,0.00249746,0.00131841
10,2,21,0.110324,0.0170334,0.0132382,0.00556826
10,2,22,0.0188234,0.0124562,0.0102493,0.00365686
10,2,23,0.00716381,0.00767602,0.00480524,0.00144946
10,2,24,0.0228641,0.0217705,0.00955958,0.00342206
10,2,25,0.00768101,0.00910184,0.00526997,0.00156087
10,2,26,0.010808,0.00788813,0.00578903,0.00193934
10,2,27,0.0123593,0.0164678,0.00987638,0.00385634
10,2,28,0.00698261,0.00644468,0.00387648,0.00125276
10,2,29,0.014514,0.0106906,0.00780333,0.00250893
10,2,30,0.00495003,0.00524379,0.00306699,0.00129997
10,2,31,0.026731,0.0171999,0.0110439,0.00405637
10,2,32,0.12865,0.0192071,0.00942841,0.00358725
10,2,33,0.0103996,0.00836538,0.00799288,0.00288127
10,2,34,0.0139032,0.00803232,0.00534758,0.00249933
10,2,35,0.0154424,0.0097206,0.00633868,0.00211901
10,2,36,0.0047698,0.00550897,0.00347172,0.00149654
10,2,37,0.00505791,0.00859215,0.00634749,0.00218016
10,2,38,0.00640631,0.00670392,0.00496628,0.00182254
10,2,39,0.0179577,0.0164145,0.00887365,0.0022428
10,2,40,0.00812579,0.00745186,0.0087231,0.00375635
10,2,41,0.0191911,0.011353,0.00618696,0.00187121
10,2,42,0.0215584,0.0203,0.0113694,0.00430159
10,2,43,0.0141229,0.009603,0.0068063,0.00202698
10,2,44,0.0151147,0.0139054,0.00828043,0.00272308
10,2,45,0.0107543,0.0096474,0.00603984,0.00184581
10,2,46,0.00998629,0.0118529,0.0076755,0.00231973
10,2,47,0.00986958,0.00970704,0.00634944,0.00191847
10,2,48,0.00759979,0.00791311,0.00556241,0.00207592
10,2,49,0.00892352,0.00926947,0.00616407,0.00181822
10,2,50,0.152783,0.0111067,0.00770813,0.00236013
10,2,51,0.0274955,0.0143221,0.0090664,0.00334022
10,2,52,0.0200724,0.0116488,0.00864944,0.00281457
10,2,53,0.010035,0.0110607,0.00795894,0.00226209
10,2,54,0.00951339,0.00835382,0.00511925,0.00221305
10,2,55,0.00722964,0.008682,0.0053168,0.00175893
10,2,56,0.0102013,0.00870608,0.00752697,0.00241311
10,2,57,0.0102441,0.00953447,0.00786361,0.00315354
10,2,58,0.0112424,0.00798215,0.00640391,0.00205819
10,2,59,0.010413,0.0125273,0.00878532,0.003108
10,2,60,0.00470167,0.00549683,0.00378461,0.00158497
11,1,1,0.00566718,0.00624755,0.00405228,0.00111367
11,1,2,0.0106523,0.00746501,0.00391249,0.00114845
11,1,3,0.0489493,0.0185194,0.00811451,0.00229656
11,1,4,0.0145519,0.0149998,0.0083942,0.00231714
11,1,5,0.0136866,0.0102525,0.00725681,0.00209424
11,1,6,0.0258188,0.0162196,0.00837097,0.0026891
11,1,7,0.00791308,0.00733875,0.00509781,0.00204961
11,1,8,0.0160225,0.013692,0.00913096,0.00293451
11,1,9,0.133636,0.0221507,0.00996142,0.00345171
11,1,10,0.0235132,0.0115074,0.00838088,0.00228381
11,1,11,0.199443,0.00986676,0.00917341,0.00265501
11,1,12,0.0152384,0.012321,0.00892422,0.00229208
11,1,13,0.0168992,0.0159415,0.00931021,0.00311089
11,1,14,0.0333023,0.0118565,0.00794318,0.00233261
11,1,15,0.0116284,0.0144976,0.00786526,0.00226324
11,1,16,0.0147092,0.00946314,0.00501809,0.00258843
11,1,17,0.0169972,0.0129192,0.00770525,0.00208224
11,1,18,0.0120749,0.0128347,0.00947609,0.00251588
11,1,19,0.0116789,0.0111387,0.00773485,0.00215494
11,1,20,0.0198102,0.0185734,0.00827973,0.00236164
11,1,21,0.00864367,0.00736092,0.00574612,0.00134095
11,1,22,0.00570374,0.00391283,0.00152418,0.00101185
11,1,23,0.147725,0.00877223,0.0067366,0.00171026
11,1,24,0.0452717,0.0109205,0.00731058,0.00229935
11,1,25,0.0182775,0.00997462,0.00786424,0.00256637
11,1,26,0.258689,0.0165952,0.0097437,0.00291327
11,1,27,0.109966,0.0202226,0.00957443,0.00306801
11,1,28,0.00485291,0.0044538,0.00360873,0.001362
11,1,29,0.0123938,0.00764845,0.00438408,0.00118416
11,1,30,0.00624007,0.0060236,0.00369473,0.00149904
11,1,31,0.00874459,0.00905171,0.00582651,0.00150252
11,1,32,0.0125427,0.011357,0.00712046,0.00192539
11,1,33,0.113883,0.0105516,0.00724966,0.00193131
11,1,34,0.018126,0.0109826,0.00721762,0.00199989
11,1,35,0.00877369,0.00792341,0.0051802,0.00143062
11,1,36,0.010278,0.0118654,0.00825336,0.0026295
11,1,37,0.0159046,0.00720384,0.00554064,0.00135243
11,1,38,0.0288359,0.0145649,0.00878595,0.00263465
11,1,39,0.0494249,0.0123188,0.00795705,0.00203652
11,1,40,0.00966667,0.00915476,0.00578939,0.00152939
11,1,41,0.0843248,0.010705,0.00926149,0.00214493
11,1,42,0.00546935,0.00529508,0.00355296,0.00134397
11,1,43,0.156911,0.0136702,0.00777134,0.00216824
11,1,44,0.101452,0.00965454,0.00745945,0.00204677
11,1,45,0.00590222,0.00500724,0.00226389,0.000883187
11,1,46,0.0200602,0.00995446,0.00661145,0.00168028
11,1,47,0.104534,0.0121119,0.00678235,0.00185071
11,1,48,0.0103464,0.00806931,0.00819698,0.00253656
11,1,49,0.0100938,0.00794495,0.00657259,0.00167202
11,1,50,0.134902,0.0126804,0.00914667,0.00305547
11,1,51,0.0399001,0.0146966,0.00922119,0.00248875
11,1,52,0.0122724,0.0129772,0.00804402,0.00245767
11,1,53,0.219635,0.0111473,0.00742439,0.00212375
11,1,54,0.112833,0.0114354,0.00790501,0.00216859
11,1,55,0.0233691,0.0092057,0.00944349,0.00331776
11,1,56,0.0202492,0.00914977,0.00602884,0.00148098
11,1,57,0.0174472,0.0120632,0.00776727,0.00234151
11,1,58,0.00363883,0.00353207,0.00230744,0.00109154
11,1,59,0.00571114,0.00527613,0.00289369,0.00104738
11,1,60,0.0109974,0.0115674,0.00805029,0.0021534
11,2,1,0.00782877,0.00976676,0.00607469,0.00180559
11,2,2,0.0111951,0.0133439,0.00707134,0.00212589
11,2,3,0.0315702,0.0136248,0.00825143,0.0025676
11,2,4,0.0154379,0.0138561,0.00875756,0.00267095
11,2,5,0.00813518,0.00882706,0.00585036,0.00159991
11,2,6,0.00974361,0.012755,0.00735895,0.00232394
11,2,7,0.0138868,0.00801488,0.00556355,0.00173767
11,2,8,0.0170965,0.0202141,0.00965489,0.0033562
11,2,9,0.0479014,0.0172678,0.009233,0.00279201
11,2,10,0.0091793,0.00960355,0.00533295,0.00178328
11,2,11,0.0800866,0.01212,0.00903098,0.00287971
11,2,12,0.00672276,0.0054539,0.00442253,0.00219009
11,2,13,0.125667,0.0178662,0.00843613,0.00260004
11,2,14,0.106308,0.0128001,0.00826747,0.00256013
11,2,15,0.00455962,0.00459366,0.00262669,0.00124709
11,2,16,0.0142493,0.0108956,0.00765414,0.00311249
11,2,17,0.110143,0.0118028,0.00845262,0.00266535
11,2,18,0.0106132,0.00821958,0.00624019,0.00222345
11,2,19,0.00857497,0.00818514,0.00683,0.002205
11,2,20,0.0258239,0.0208952,0.011826,0.00567584
11,2,21,0.021937,0.023737,0.0107632,0.00403565
11,2,22,0.0111798,0.0145793,0.00772354,0.00247341
11,2,23,0.208977,0.0158138,0.00950578,0.0033872
11,2,24,0.105795,0.0127767,0.00957624,0.00413415
11,2,25,0.0149035,0.0117859,0.0105299,0.00413259
11,2,26,0.0198637,0.00987368,0.00608118,0.00169337
11,2,27,0.0125969,0.0140872,0.00806206,0.00275199
11,2,28,0.00275206,0.00408423,0.003063,0.0013884
11,2,29,0.00480322,0.00494573,0.00303584,0.00154424
11,2,30,0.0101937,0.0120227,0.00925158,0.00281698
11,2,31,0.00511021,0.00604962,0.00389482,0.00146053
11,2,32,0.00800214,0.00687089,0.00575559,0.00155844
11,2,33,0.044287,0.0207382,0.00872832,0.00308125
11,2,34,0.0133344,0.0158854,0.00823438,0.0025061
11,2,35,0.0117113,0.0113918,0.00782673,0.00221096
11,2,36,0.014356,0.01953,0.00807461,0.00259086
11,2,37,0.00838237,0.00720891,0.00457525,0.00207326
11,2,38,0.0132073,0.0153338,0.0108936,0.00401671
11,2,39,0.124103,0.030365,0.0108357,0.00454099
11,2,40,0.0147608,0.0144391,0.010346,0.00339451
11,2,41,0.182508,0.0119879,0.00934809,0.00296783
11,2,42,0.0140884,0.0126157,0.00871486,0.00270521
11,2,43,0.0152615,0.0181387,0.0107408,0.00421374
11,2,44,0.0286221,0.0152502,0.00916367,0.00305143
11,2,45,0.0107703,0.0150945,0.0078926,0.00253455
11,2,46,0.0139717,0.00905174,0.00608412,0.00229201
11,2,47,0.0118384,0.0103987,0.00857187,0.00263472
11,2,48,0.0114868,0.0130814,0.00933083,0.0028587
11,2,49,0.0110684,0.0122161,0.00833087,0.0024646
11,2,50,0.0151172,0.0182331,0.00826748,0.00293746
11,2,51,0.00877109,0.00739089,0.00562752,0.00171553
11,2,52,0.00533671,0.00462019,0.00184863,0.00116331
11,2,53,0.138566,0.0117153,0.00750045,0.0023286
11,2,54,0.0207252,0.0152355,0.0105295,0.00373358
11,2,55,0.0132364,0.0103735,0.00844996,0.00297829
11,2,56,0.236163,0.0210764,0.010137,0.00319754
11,2,57,0.0189626,0.0271634,0.0100586,0.00351784
11,2,58,0.00307979,0.0045392,0.00371712,0.00172901
11,2,59,0.0127215,0.00819762,0.00447853,0.00139033
11,2,60,0.0062288,0.00665015,0.00427445,0.00186054
12,1,1,0.00748575,0.00708206,0.00571548,0.00128844
12,1,2,0.0104213,0.0102606,0.00968476,0.00362902
12,1,3,0.0130103,0.00941097,0.00775464,0.00222421
12,1,4,0.0130103,0.00941097,0.00775464,0.00222421
12,1,5,0.00795986,0.0113105,0.00773016,0.00193454
12,1,6,0.00486611,0.00461701,0.0043783,0.00185796
12,1,7,0.00914795,0.00715368,0.00465872,0.00123202
12,1,8,0.00748575,0.00708206,0.00571548,0.00128844
12,1,9,0.00915712,0.00800426,0.00586665,0.002046
12,1,10,0.0195192,0.0178542,0.00911803,0.00293452
12,1,11,0.0127855,0.010295,0.00738954,0.00201635
12,1,12,0.00486611,0.00461701,0.0043783,0.00185796
12,1,13,0.119812,0.0153831,0.00869318,0.00257642
12,1,14,0.00486611,0.00461701,0.0043783,0.00185796
12,1,15,0.0986932,0.0136602,0.0100494,0.00262948
12,1,16,0.118528,0.0145711,0.00900858,0.00296731
12,1,17,0.0107873,0.00940429,0.00720029,0.00207285
12,1,18,0.105664,0.0141628,0.0106531,0.00357928
12,1,19,0.0159656,0.0125833,0.00634405,0.00174271
12,1,20,0.0098929,0.00646198,0.00599164,0.00250415
12,1,21,0.106153,0.0105927,0.00764802,0.0021542
12,1,22,0.0160168,0.0095775,0.00833048,0.00286762
12,1,23,0.170584,0.0139111,0.00796303,0.00217686
12,1,24,0.102256,0.0123095,0.00849675,0.00254457
12,1,25,0.103038,0.0135148,0.00908493,0.00254411
12,1,26,0.0319531,0.0144419,0.0100417,0.00267648
12,1,27,0.0437904,0.00967236,0.00691621,0.00188716
12,1,28,0.00915712,0.00800426,0.00586665,0.002046
12,1,29,0.038289,0.0168374,0.00804175,0.00202995
12,1,30,0.0106087,0.00888333,0.00648134,0.00153767
12,1,31,0.00990235,0.00791523,0.00375594,0.00115579
12,1,32,0.00895611,0.0103195,0.00789809,0.00225442
12,1,33,0.0254278,0.01074,0.00875229,0.00256159
12,1,34,0.0254278,0.01074,0.00875229,0.00256159
12,1,35,0.00327839,0.00354261,0.00283825,0.00145814
12,1,36,0.00409465,0.00493531,0.00480203,0.00162565
12,1,37,0.00982703,0.0119138,0.00816523,0.00214575
12,1,38,0.00990235,0.00791523,0.00375594,0.00115579
12,1,39,0.0103865,0.00868699,0.00583265,0.00214499
12,1,40,0.114078,0.0128431,0.00880569,0.00239306
12,1,41,0.0127695,0.0120222,0.0077648,0.00208051
12,1,42,0.00409465,0.00493531,0.00480203,0.00162565
12,1,43,0.0237396,0.0168329,0.0101213,0.00321903
12,1,44,0.00409465,0.00493531,0.00480203,0.00162565
12,1,45,0.175096,0.0128586,0.00956757,0.00304799
12,1,46,0.0503992,0.0207795,0.00920684,0.00244397
12,1,47,0.012779,0.0122249,0.00967215,0.00307662
12,1,48,0.0436086,0.0203523,0.00914525,0.00304204
12,1,49,0.143779,0.013314,0.00774827,0.0020412
12,1,50,0.00640415,0.00558822,0.00467921,0.00144626
12,1,51,0.04751,0.011782,0.00834714,0.00233497
12,1,52,0.0135475,0.00851991,0.00696232,0.00189674
12,1,53,0.0850647,0.0139658,0.00807441,0.00224685
12,1,54,0.0444148,0.0119836,0.00795854,0.00225503
12,1,55,0.00789722,0.00657842,0.00362305,0.00112377
12,1,56,0.00732485,0.00792674,0.00592352,0.0021348
12,1,57,0.162188,0.0152929,0.00751088,0.00207548
12,1,58,0.0103865,0.00868699,0.00583265,0.00214499
12,1,59,0.0283211,0.0173646,0.00968888,0.00284726
12,1,60,0.0143549,0.0146745,0.00865181,0.00224032
12,2,1,0.0108638,0.00850112,0.00427136,0.0014946
12,2,2,0.00896355,0.0115686,0.00796041,0.00291054
12,2,3,0.0187649,0.0124182,0.0101005,0.00339752
12,2,4,0.0187649,0.0124182,0.0101005,0.00339752
12,2,5,0.00234903,0.00386931,0.00290731,0.00172654
12,2,6,0.0035451,0.00520396,0.00545253,0.00215529
12,2,7,0.00985973,0.0122989,0.00805244,0.00233469
12,2,8,0.0108638,0.00850112,0.00427136,0.0014946
12,2,9,0.0106864,0.00971889,0.0059565,0.00282616
12,2,10,0.0186875,0.0255766,0.0114965,0.00414563
12,2,11,0.0113163,0.0134153,0.00978815,0.00348235
12,2,12,0.0035451,0.00520396,0.00545253,0.00215529
12,2,13,0.0176834,0.0200606,0.0107331,0.00516348
12,2,14,0.0035451,0.00520396,0.00545253,0.00215529
12,2,15,0.161822,0.0163646,0.0115224,0.00409217
12,2,16,0.0272163,0.0470506,0.00869248,0.00266181
12,2,17,0.0129878,0.0140189,0.00982029,0.00330746
12,2,18,0.0220382,0.0262739,0.00847619,0.00288839
12,2,19,0.167754,0.0205018,0.00917176,0.0029772
12,2,20,0.00550597,0.00660953,0.00532719,0.00186721
12,2,21,0.046372,0.0140967,0.00763541,0.00237823
12,2,22,0.012245,0.0115662,0.00732093,0.00290296
12,2,23,0.077009,0.0166599,0.00873319,0.00293726
12,2,24,0.0260922,0.0152652,0.00923026,0.00289666
12,2,25,0.00858075,0.00725431,0.00456787,0.00130755
12,2,26,0.00831537,0.00781081,0.00673157,0.00261877
12,2,27,0.109592,0.0201106,0.00917047,0.00308701
12,2,28,0.0106864,0.00971889,0.0059565,0.00282616
12,2,29,0.019078,0.0199624,0.0124705,0.00474563
12,2,30,0.0126495,0.0163272,0.00960206,0.00346484
12,2,31,0.00839885,0.00720083,0.00518153,0.00166729
12,2,32,0.0106861,0.0121618,0.0104406,0.00437526
12,2,33,0.0106311,0.0108779,0.00862039,0.00295039
12,2,34,0.0106311,0.0108779,0.00862039,0.00295039
12,2,35,0.00822876,0.0123354,0.00752926,0.00212028
12,2,36,0.00608785,0.00602669,0.00445916,0.00285069
12,2,37,0.00992947,0.00777523,0.00460031,0.00142571
12,2,38,0.00839885,0.00720083,0.00518153,0.00166729
12,2,39,0.00911087,0.00907977,0.00592994,0.00242139
12,2,40,0.0126615,0.020615,0.00953203,0.00383071
12,2,41,0.0127715,0.0113757,0.00716578,0.0020638
12,2,42,0.00608785,0.00602669,0.00445916,0.00285069
12,2,43,0.132451,0.0171465,0.00858493,0.00281525
12,2,44,0.00608785,0.00602669,0.00445916,0.00285069
12,2,45,0.0991362,0.0215761,0.0107767,0.00360602
12,2,46,0.115081,0.0226976,0.00938445,0.00282229
12,2,47,0.00970448,0.0102002,0.00653825,0.00215907
12,2,48,0.0225924,0.0268576,0.0146633,0.00530011
12,2,49,0.0154986,0.0102701,0.00604511,0.00185359
12,2,50,0.00868015,0.00804656,0.00625345,0.0022087
12,2,51,0.135469,0.0123509,0.00838506,0.0028074
12,2,52,0.0133161,0.0105732,0.00798539,0.00325861
12,2,53,0.160802,0.0184196,0.00869805,0.00273506
12,2,54,0.0331145,0.0144756,0.00810821,0.00268184
12,2,55,0.120204,0.0181728,0.0095232,0.00317762
12,2,56,0.0239166,0.013912,0.0102953,0.00399105
12,2,57,0.0280146,0.012514,0.00821315,0.00259941
12,2,58,0.00911087,0.00907977,0.00592994,0.00242139
12,2,59,0.0225038,0.0173772,0.00852965,0.0027772
12,2,60,0.010031,0.00905954,0.00656057,0.00206405
13,1,1,0.257374,0.0125329,0.00779379,0.00215504
13,1,2,0.0383466,0.00810006,0.00538739,0.0012896
13,1,3,0.236934,0.01126,0.00855923,0.00283513
13,1,4,0.0383466,0.00810006,0.00538739,0.0012896
13,1,5,0.120793,0.00882424,0.00731133,0.00201883
13,1,6,0.112072,0.0150299,0.00999692,0.00271055
13,1,7,0.0295866,0.0167023,0.00805083,0.00227945
13,1,8,0.0141567,0.0112069,0.00824093,0.00227573
13,1,9,0.146496,0.012997,0.00872849,0.0022069
13,1,10,0.00429912,0.00335442,0.00381757,0.00202368
13,1,11,0.00670641,0.0065046,0.00370597,0.00131147
13,1,12,0.0383466,0.00810006,0.00538739,0.0012896
13,1,13,0.0446185,0.0211505,0.00973426,0.00460132
13,1,14,0.106739,0.015812,0.0106678,0.00341237
13,1,15,0.111193,0.0497381,0.0175315,0.00636088
13,1,16,0.120793,0.00882424,0.00731133,0.00201883
13,1,17,0.187017,0.0110567,0.00765209,0.00220511
13,1,18,0.0348842,0.0209137,0.00894382,0.00315852
13,1,19,0.150232,0.0113349,0.00764736,0.0020812
13,1,20,0.112072,0.0150299,0.00999692,0.00271055
13,1,21,0.01726,0.01825,0.0133874,0.00343066
13,1,22,0.101092,0.0169786,0.00938081,0.00277524
13,1,23,0.150232,0.0113349,0.00764736,0.0020812
13,1,24,0.0383466,0.00810006,0.00538739,0.0012896
13,1,25,0.00966535,0.00654103,0.00604476,0.00215842
13,1,26,0.0163147,0.0148172,0.00899639,0.00240087
13,1,27,0.011881,0.0129357,0.00785211,0.00216233
13,1,28,0.0272997,0.0115149,0.00971856,0.00327429
13,1,29,0.00748071,0.0100107,0.00697021,0.00201161
13,1,30,0.0227177,0.0101477,0.00933218,0.00289478
13,1,31,0.0117686,0.0143005,0.00727478,0.00198077
13,1,32,0.199335,0.0080508,0.00564215,0.00122423
13,1,33,0.0109314,0.00696608,0.00468644,0.00105447
13,1,34,0.199335,0.0080508,0.00564215,0.00122423
13,1,35,0.0305968,0.00886604,0.00672884,0.0017932
13,1,36,0.0571824,0.0166468,0.0111752,0.00435885
13,1,37,0.200412,0.00953092,0.00767749,0.0020826
13,1,38,0.0277754,0.0153134,0.0103722,0.00368006
13,1,39,0.020856,0.0168864,0.0102651,0.00299414
13,1,40,0.00837997,0.00700158,0.00730377,0.00227498
13,1,41,0.0091587,0.00579379,0.00299213,0.00218929
13,1,42,0.199335,0.0080508,0.00564215,0.00122423
13,1,43,0.016797,0.0139797,0.00836327,0.00231512
13,1,44,0.0896572,0.0471326,0.0115888,0.00313386
13,1,45,0.0188405,0.0282946,0.0096112,0.00304662
13,1,46,0.0305968,0.00886604,0.00672884,0.0017932
13,1,47,0.0491742,0.0114468,0.00720773,0.00214846
13,1,48,0.175648,0.00966243,0.00781355,0.00183831
13,1,49,0.0373926,0.00925511,0.00650858,0.00170594
13,1,50,0.0571824,0.0166468,0.0111752,0.00435885
13,1,51,0.00561454,0.00419084,0.00209909,0.000999768
13,1,52,0.0218899,0.0122269,0.0094773,0.00267405
13,1,53,0.0373926,0.00925511,0.00650858,0.00170594
13,1,54,0.199335,0.0080508,0.00564215,0.00122423
13,1,55,0.0112196,0.00971092,0.00724195,0.00312801
13,1,56,0.00854603,0.00911903,0.0047279,0.00164247
13,1,57,0.00793249,0.00948358,0.00852074,0.0019431
13,1,58,0.180315,0.0146382,0.00904489,0.00317389
13,1,59,0.0521685,0.016,0.00993792,0.00228677
13,1,60,0.158274,0.0152742,0.0091004,0.00271171
13,2,1,0.0126126,0.0146838,0.00656977,0.00220227
13,2,2,0.188225,0.00984698,0.0053276,0.00144577
13,2,3,0.012763,0.00872185,0.00600221,0.00189645
13,2,4,0.188225,0.00984698,0.0053276,0.00144577
13,2,5,0.0271236,0.0105429,0.006476,0.00187023
13,2,6,0.0271899,0.0268715,0.0131115,0.00554316
13,2,7,0.188845,0.0127143,0.00777218,0.00234714
13,2,8,0.0173392,0.0172375,0.0117399,0.0045803
13,2,9,0.0197475,0.0208636,0.011672,0.00337268
13,2,10,0.00785518,0.0051872,0.00606141,0.00243091
13,2,11,0.0103951,0.00667918,0.00364144,0.00233563
13,2,12,0.188225,0.00984698,0.0053276,0.00144577
13,2,13,0.0133826,0.0160589,0.0101436,0.00348405
13,2,14,0.0197459,0.0437396,0.0107675,0.0046273
13,2,15,0.0141174,0.0224543,0.0103292,0.00439334
13,2,16,0.0271236,0.0105429,0.006476,0.00187023
13,2,17,0.195391,0.0170255,0.0107421,0.00348756
13,2,18,0.267213,0.0131302,0.00922564,0.00319995
13,2,19,0.0249477,0.0104887,0.00672138,0.00204643
13,2,20,0.0271899,0.0268715,0.0131115,0.00554316
13,2,21,0.00495334,0.00502231,0.0022849,0.00112852
13,2,22,0.0192974,0.0169624,0.0102868,0.00339919
13,2,23,0.0249477,0.0104887,0.00672138,0.00204643
13,2,24,0.188225,0.00984698,0.0053276,0.00144577
13,2,25,0.0107608,0.011915,0.00772143,0.0034997
13,2,26,0.00814973,0.00949424,0.00491087,0.0022505
13,2,27,0.00872998,0.0103474,0.0087499,0.00260737
13,2,28,0.167272,0.019221,0.0104947,0.00385821
13,2,29,0.0308593,0.0219259,0.0107673,0.00313387
13,2,30,0.152811,0.0186842,0.00986177,0.00355472
13,2,31,0.229946,0.0178736,0.009799,0.00305679
13,2,32,0.0333702,0.00961816,0.00499888,0.00137222
13,2,33,0.114168,0.0228651,0.0135108,0.00616314
13,2,34,0.0333702,0.00961816,0.00499888,0.00137222
13,2,35,0.100786,0.0116437,0.00768553,0.00237898
13,2,36,0.0294397,0.0273839,0.00998771,0.00474241
13,2,37,0.100479,0.0209564,0.0107448,0.00392224
13,2,38,0.0142075,0.0113688,0.00909182,0.00285501
13,2,39,0.136262,0.0171492,0.00998152,0.003241
13,2,40,0.0042476,0.00399768,0.0039765,0.00224785
13,2,41,0.00580919,0.00745051,0.00430445,0.00198702
13,2,42,0.0333702,0.00961816,0.00499888,0.00137222
13,2,43,0.0312318,0.0266237,0.00960643,0.00435678
13,2,44,0.257088,0.0237271,0.0114788,0.00467294
13,2,45,0.0494616,0.106799,0.0151099,0.00644591
13,2,46,0.100786,0.0116437,0.00768553,0.00237898
13,2,47,0.115086,0.014671,0.00900031,0.00303896
13,2,48,0.014481,0.0269958,0.00921359,0.00369891
13,2,49,0.138514,0.0157337,0.00866624,0.00321315
13,2,50,0.0294397,0.0273839,0.00998771,0.00474241
13,2,51,0.0151544,0.0180682,0.0151582,0.00533585
13,2,52,0.149491,0.0210839,0.0105527,0.00332836
13,2,53,0.138514,0.0157337,0.00866624,0.00321315
13,2,54,0.0333702,0.00961816,0.00499888,0.00137222
13,2,55,0.00998983,0.00665506,0.00454376,0.0026025
13,2,56,0.0122371,0.0185674,0.0100924,0.003278
13,2,57,0.0113312,0.0145355,0.00787358,0.00243982
13,2,58,0.0258568,0.012456,0.0106467,0.00383961
13,2,59,0.00854409,0.0104032,0.00750427,0.00267704
13,2,60,0.0223116,0.0133195,0.0102308,0.00368949
